ClubID,OfficialClubName,OfficialAddress,ZipCode,CountyName,CountyMatchMethod,BaseMonthlyDues,BasicMonthlyDues,BasicInitiationFee,BasicAnnualFee,BasicEffectiveMonthlyCost,MonthlyDuesOptions,InitiationFeeOptions,AnnualFeeOptions,Plans,Status,SourceURL,RetrievedAtUTC,Error
399,Altamonte Springs @ Montgomery,"1074 Montgomery Road, Altamonte Springs, FL 32714",32714,Seminole County,ZIP-only match,29.99,29.99,0.0,69.0,35.74,"[29.99, 79.0]","[0.0, 199.0, 99.0]",[69.0],"[{""plan_id"": ""Standard"", ""plan"": ""Basic"", ""access"": ""Club of Enrollment"", ""monthly_dues"": 29.99, ""initiation_fee"": 0.0, ""annual_fee"": 69.0, ""effective_monthly_cost"": 35.74}, {""plan_id"": ""Classic"", ""plan"": ""Classic"", ""access"": ""Multi Club; State of Enrollment"", ""monthly_dues"": 79.0, ""initiation_fee"": 199.0, ""annual_fee"": 69.0, ""effective_monthly_cost"": 101.33333333333333}, {""plan_id"": ""Premier"", ""plan"": ""Classic"", ""access"": ""State of Enrollment; Nationwide Access"", ""monthly_dues"": 29.99, ""initiation_fee"": 99.0, ""annual_fee"": 69.0, ""effective_monthly_cost"": 43.99}]",Observed,https://www.lafitness.com/Pages/MembershipSignUpRate.aspx?id=GpqxoJhivIhrWqTphssntA%3d%3d,2026-09-01T01:55:20.031707+00:00,
692,Atlantic Beach,"985 Atlantic Blvd, Atlantic Beach, FL 32233",32233,Duval County,Google location address match,29.99,29.99,0.0,69.0,35.74,"[29.99, 39.99]","[0.0, 99.0]",[69.0],"[{""plan_id"": ""Standard"", ""plan"": ""Basic"", ""access"": ""Club of Enrollment"", ""monthly_dues"": 29.99, ""initiation_fee"": 0.0, ""annual_fee"": 69.0, ""effective_monthly_cost"": 35.74}, {""plan_id"": ""Classic"", ""plan"": ""Classic"", ""access"": ""Nationwide Access"", ""monthly_dues"": 29.99, ""initiation_fee"": 99.0, ""annual_fee"": 69.0, ""effective_monthly_cost"": 43.99}, {""plan_id"": ""Premier"", ""plan"": ""Classic"", ""access"": ""Nationwide Access"", ""monthly_dues"": 39.99, ""initiation_fee"": 0.0, ""annual_fee"": 69.0, ""effective_monthly_cost"": 45.74}]",Observed,https://www.lafitness.com/Pages/MembershipSignUpRate.aspx?id=ytoK1vSYgUldlp3sMdQX3A%3d%3d,2026-09-01T01:55:20.031707+00:00,
150,Boca Raton West - State Rd,"20443 State Rd 7 (Bay BB1), Boca Raton, FL 33498",20443,Palm Beach County,ZIP-only match,29.99,29.99,0.0,69.0,35.74,"[29.99, 79.0]","[0.0, 199.0, 99.0]",[69.0],"[{""plan_id"": ""Standard"", ""plan"": ""Basic"", ""access"": ""Club of Enrollment"", ""monthly_dues"": 29.99, ""initiation_fee"": 0.0, ""annual_fee"": 69.0, ""effective_monthly_cost"": 35.74}, {""plan_id"": ""Classic"", ""plan"": ""Classic"", ""access"": ""Multi Club; State of Enrollment"", ""monthly_dues"": 79.0, ""initiation_fee"": 199.0, ""annual_fee"": 69.0, ""effective_monthly_cost"": 101.33333333333333}, {""plan_id"": ""Premier"", ""plan"": ""Classic"", ""access"": ""State of Enrollment; Nationwide Access"", ""monthly_dues"": 29.99, ""initiation_fee"": 99.0, ""annual_fee"": 69.0, ""effective_monthly_cost"": 43.99}]",Observed,https://www.lafitness.com/Pages/MembershipSignUpRate.aspx?id=vjxjKcUTm3osOFzPgC9DHA%3d%3d,2026-09-01T01:55:20.031707+00:00,
356,Boca Raton East-Technology Way,"4950 Technology Way, Boca Raton, FL 33431",33431,Palm Beach County,Google location address match,29.99,29.99,0.0,69.0,35.74,"[29.99, 39.99]","[0.0, 99.0]",[69.0],"[{""plan_id"": ""Standard"", ""plan"": ""Basic"", ""access"": ""Club of Enrollment"", ""monthly_dues"": 29.99, ""initiation_fee"": 0.0, ""annual_fee"": 69.0, ""effective_monthly_cost"": 35.74}, {""plan_id"": ""Classic"", ""plan"": ""Classic"", ""access"": ""Nationwide Access"", ""monthly_dues"": 29.99, ""initiation_fee"": 99.0, ""annual_fee"": 69.0, ""effective_monthly_cost"": 43.99}, {""plan_id"": ""Premier"", ""plan"": ""Classic"", ""access"": ""Nationwide Access"", ""monthly_dues"": 39.99, ""initiation_fee"": 0.0, ""annual_fee"": 69.0, ""effective_monthly_cost"": 45.74}]",Observed,https://www.lafitness.com/Pages/MembershipSignUpRate.aspx?id=LTcTaarSHd6pUup3KTOIHw%3d%3d,2026-09-01T01:55:20.031707+00:00,
255,Boynton Beach,"2290 N. Congress Avenue, Boynton Beach, FL 33426",33426,Palm Beach County,Google location address match,29.99,29.99,0.0,69.0,35.74,"[29.99, 39.99]","[0.0, 99.0]",[69.0],"[{""plan_id"": ""Standard"", ""plan"": ""Basic"", ""access"": ""Club of Enrollment"", ""monthly_dues"": 29.99, ""initiation_fee"": 0.0, ""annual_fee"": 69.0, ""effective_monthly_cost"": 35.74}, {""plan_id"": ""Classic"", ""plan"": ""Classic"", ""access"": ""Nationwide Access"", ""monthly_dues"": 29.99, ""initiation_fee"": 99.0, ""annual_fee"": 69.0, ""effective_monthly_cost"": 43.99}, {""plan_id"": ""Premier"", ""plan"": ""Classic"", ""access"": ""Nationwide Access"", ""monthly_dues"": 39.99, ""initiation_fee"": 0.0, ""annual_fee"": 69.0, ""effective_monthly_cost"": 45.74}]",Observed,https://www.lafitness.com/Pages/MembershipSignUpRate.aspx?id=OCAxOhjGgrrjsxR0xY3h5w%3d%3d,2026-09-01T01:55:20.031707+00:00,
1295,W Boynton Beach Blvd (Signature),"6683 Boynton Beach Blvd, Boynton Beach, FL 33437",33437,Palm Beach County,Google location address match,29.99,29.99,0.0,69.0,35.74,"[29.99, 79.0]","[0.0, 199.0, 99.0]",[69.0],"[{""plan_id"": ""Standard"", ""plan"": ""Basic"", ""access"": ""Club of Enrollment"", ""monthly_dues"": 29.99, ""initiation_fee"": 0.0, ""annual_fee"": 69.0, ""effective_monthly_cost"": 35.74}, {""plan_id"": ""Classic"", ""plan"": ""Classic"", ""access"": ""Multi Club; State of Enrollment"", ""monthly_dues"": 79.0, ""initiation_fee"": 199.0, ""annual_fee"": 69.0, ""effective_monthly_cost"": 101.33333333333333}, {""plan_id"": ""Premier"", ""plan"": ""Classic"", ""access"": ""State of Enrollment; Nationwide Access"", ""monthly_dues"": 29.99, ""initiation_fee"": 99.0, ""annual_fee"": 69.0, ""effective_monthly_cost"": 43.99}]",Observed,https://www.lafitness.com/Pages/MembershipSignUpRate.aspx?id=LTmMj2k%2fKk%2fYRJgrq0kF2Q%3d%3d,2026-09-01T01:55:20.031707+00:00,
372,Brandon,"2890 Providence Lakes Blvd, Brandon, FL 33511",33511,Hillsborough County,Google location address match,29.99,79.0,199.0,69.0,101.33333333333333,"[79.0, 29.99, 0.0]","[199.0, 99.0, 0.0]","[69.0, 0.0]","[{""plan_id"": ""Standard"", ""plan"": ""Basic"", ""access"": ""Multi Club; State of Enrollment"", ""monthly_dues"": 79.0, ""initiation_fee"": 199.0, ""annual_fee"": 69.0, ""effective_monthly_cost"": 101.33333333333333}, {""plan_id"": ""Classic"", ""plan"": ""Classic"", ""access"": ""Nationwide Access"", ""monthly_dues"": 29.99, ""initiation_fee"": 99.0, ""annual_fee"": 69.0, ""effective_monthly_cost"": 43.99}, {""plan_id"": ""Premier"", ""plan"": ""Classic"", ""access"": ""State of Enrollment"", ""monthly_dues"": 0.0, ""initiation_fee"": 0.0, ""annual_fee"": 0.0, ""effective_monthly_cost"": 0.0}]",Observed,https://www.lafitness.com/Pages/MembershipSignUpRate.aspx?id=qD4SgFG7dwHib%2fEJ1vo8Zg%3d%3d,2026-09-01T01:55:20.031707+00:00,
409,Cape Coral,"2301 Del Prado Blvd., Cape Coral, FL 33990",33990,Lee County,ZIP-only match,29.99,29.99,99.0,69.0,43.99,"[29.99, 39.99, 0.0]","[99.0, 0.0]","[69.0, 0.0]","[{""plan_id"": ""Standard"", ""plan"": ""Basic"", ""access"": ""Nationwide Access"", ""monthly_dues"": 29.99, ""initiation_fee"": 99.0, ""annual_fee"": 69.0, ""effective_monthly_cost"": 43.99}, {""plan_id"": ""Classic"", ""plan"": ""Classic"", ""access"": ""Nationwide Access"", ""monthly_dues"": 39.99, ""initiation_fee"": 0.0, ""annual_fee"": 69.0, ""effective_monthly_cost"": 45.74}, {""plan_id"": ""Premier"", ""plan"": ""Classic"", ""access"": """", ""monthly_dues"": 0.0, ""initiation_fee"": 0.0, ""annual_fee"": 0.0, ""effective_monthly_cost"": 0.0}]",Observed,https://www.lafitness.com/Pages/MembershipSignUpRate.aspx?id=X%2f23iyyASmk96w3tAsTNfA%3d%3d,2026-09-01T01:55:20.031707+00:00,
1258,Clearwater - Gulf TO Bay Blvd,"2134 Gulf TO Bay Blvd, Clearwater, FL 33765",33765,Pinellas County,Google location address match,29.99,29.99,99.0,69.0,43.99,"[29.99, 39.99, 0.0]","[99.0, 0.0]","[69.0, 0.0]","[{""plan_id"": ""Standard"", ""plan"": ""Basic"", ""access"": ""Nationwide Access"", ""monthly_dues"": 29.99, ""initiation_fee"": 99.0, ""annual_fee"": 69.0, ""effective_monthly_cost"": 43.99}, {""plan_id"": ""Classic"", ""plan"": ""Classic"", ""access"": ""Nationwide Access"", ""monthly_dues"": 39.99, ""initiation_fee"": 0.0, ""annual_fee"": 69.0, ""effective_monthly_cost"": 45.74}, {""plan_id"": ""Premier"", ""plan"": ""Classic"", ""access"": """", ""monthly_dues"": 0.0, ""initiation_fee"": 0.0, ""annual_fee"": 0.0, ""effective_monthly_cost"": 0.0}]",Observed,https://www.lafitness.com/Pages/MembershipSignUpRate.aspx?id=qvmwjGr%2bwY%2bWpw9w8mV%2fAg%3d%3d,2026-09-01T01:55:20.031707+00:00,
1105,Largo E Bay Drive,"5320 East Bay Drive, Clearwater, FL 33764",33764,Pinellas County,ZIP-only match,29.99,29.99,99.0,69.0,43.99,"[29.99, 39.99, 0.0]","[99.0, 0.0]","[69.0, 0.0]","[{""plan_id"": ""Standard"", ""plan"": ""Basic"", ""access"": ""Nationwide Access"", ""monthly_dues"": 29.99, ""initiation_fee"": 99.0, ""annual_fee"": 69.0, ""effective_monthly_cost"": 43.99}, {""plan_id"": ""Classic"", ""plan"": ""Classic"", ""access"": ""Nationwide Access"", ""monthly_dues"": 39.99, ""initiation_fee"": 0.0, ""annual_fee"": 69.0, ""effective_monthly_cost"": 45.74}, {""plan_id"": ""Premier"", ""plan"": ""Classic"", ""access"": """", ""monthly_dues"": 0.0, ""initiation_fee"": 0.0, ""annual_fee"": 0.0, ""effective_monthly_cost"": 0.0}]",Observed,https://www.lafitness.com/Pages/MembershipSignUpRate.aspx?id=sOIT9ixt2XVBy9xB5Ujuig%3d%3d,2026-09-01T01:55:20.031707+00:00,
256,Coconut Creek,"5501 Lyons Road, Coconut Creek, FL 33073",33073,Broward County,ZIP-only match,29.99,29.99,0.0,69.0,35.74,"[29.99, 79.0]","[0.0, 199.0, 99.0]",[69.0],"[{""plan_id"": ""Standard"", ""plan"": ""Basic"", ""access"": ""Club of Enrollment"", ""monthly_dues"": 29.99, ""initiation_fee"": 0.0, ""annual_fee"": 69.0, ""effective_monthly_cost"": 35.74}, {""plan_id"": ""Classic"", ""plan"": ""Classic"", ""access"": ""Multi Club; State of Enrollment"", ""monthly_dues"": 79.0, ""initiation_fee"": 199.0, ""annual_fee"": 69.0, ""effective_monthly_cost"": 101.33333333333333}, {""plan_id"": ""Premier"", ""plan"": ""Classic"", ""access"": ""State of Enrollment; Nationwide Access"", ""monthly_dues"": 29.99, ""initiation_fee"": 99.0, ""annual_fee"": 69.0, ""effective_monthly_cost"": 43.99}]",Observed,https://www.lafitness.com/Pages/MembershipSignUpRate.aspx?id=1rlzNfUy%2bYXUzmCGjAD3BQ%3d%3d,2026-09-01T01:55:20.031707+00:00,
9,Coral Springs - University Dr,"2633 University Drive, Coral Springs, FL 33065",33065,Broward County,ZIP-only match,29.99,29.99,0.0,69.0,35.74,"[29.99, 39.99]","[0.0, 99.0]",[69.0],"[{""plan_id"": ""Standard"", ""plan"": ""Basic"", ""access"": ""Club of Enrollment"", ""monthly_dues"": 29.99, ""initiation_fee"": 0.0, ""annual_fee"": 69.0, ""effective_monthly_cost"": 35.74}, {""plan_id"": ""Classic"", ""plan"": ""Classic"", ""access"": ""Nationwide Access"", ""monthly_dues"": 29.99, ""initiation_fee"": 99.0, ""annual_fee"": 69.0, ""effective_monthly_cost"": 43.99}, {""plan_id"": ""Premier"", ""plan"": ""Classic"", ""access"": ""Nationwide Access"", ""monthly_dues"": 39.99, ""initiation_fee"": 0.0, ""annual_fee"": 69.0, ""effective_monthly_cost"": 45.74}]",Observed,https://www.lafitness.com/Pages/MembershipSignUpRate.aspx?id=tGH%2bYqwB7oK6XMB7YuQ20A%3d%3d,2026-09-01T01:55:20.031707+00:00,
235,Deerfield Beach,"1000 East Hillsboro Blvd, Deerfield Beach, FL 33441",33441,Broward County,ZIP-only match,29.99,29.99,0.0,69.0,35.74,"[29.99, 39.99]","[0.0, 99.0]",[69.0],"[{""plan_id"": ""Standard"", ""plan"": ""Basic"", ""access"": ""Club of Enrollment"", ""monthly_dues"": 29.99, ""initiation_fee"": 0.0, ""annual_fee"": 69.0, ""effective_monthly_cost"": 35.74}, {""plan_id"": ""Classic"", ""plan"": ""Classic"", ""access"": ""Nationwide Access"", ""monthly_dues"": 29.99, ""initiation_fee"": 99.0, ""annual_fee"": 69.0, ""effective_monthly_cost"": 43.99}, {""plan_id"": ""Premier"", ""plan"": ""Classic"", ""access"": ""Nationwide Access"", ""monthly_dues"": 39.99, ""initiation_fee"": 0.0, ""annual_fee"": 69.0, ""effective_monthly_cost"": 45.74}]",Observed,https://www.lafitness.com/Pages/MembershipSignUpRate.aspx?id=%2ffwZ%2fHkiPAFD5Z%2bh1gpTEg%3d%3d,2026-09-01T01:55:20.031707+00:00,
1029,Delray Beach,"1660 S Federal Highway, Delray Beach, FL 33483",33483,Palm Beach County,ZIP-only match,29.99,29.99,0.0,69.0,35.74,"[29.99, 39.99]","[0.0, 99.0]",[69.0],"[{""plan_id"": ""Standard"", ""plan"": ""Basic"", ""access"": ""Club of Enrollment"", ""monthly_dues"": 29.99, ""initiation_fee"": 0.0, ""annual_fee"": 69.0, ""effective_monthly_cost"": 35.74}, {""plan_id"": ""Classic"", ""plan"": ""Classic"", ""access"": ""Nationwide Access"", ""monthly_dues"": 29.99, ""initiation_fee"": 99.0, ""annual_fee"": 69.0, ""effective_monthly_cost"": 43.99}, {""plan_id"": ""Premier"", ""plan"": ""Classic"", ""access"": ""Nationwide Access"", ""monthly_dues"": 39.99, ""initiation_fee"": 0.0, ""annual_fee"": 69.0, ""effective_monthly_cost"": 45.74}]",Observed,https://www.lafitness.com/Pages/MembershipSignUpRate.aspx?id=bm9Ocu5oPhJ1lemssBhPzw%3d%3d,2026-09-01T01:55:20.031707+00:00,
1232,Dunedin,"1681 Main St, Dunedin, FL 34698",34698,Pinellas County,Google location address match,29.99,79.0,199.0,69.0,101.33333333333333,"[79.0, 29.99, 39.99]","[199.0, 99.0, 0.0]",[69.0],"[{""plan_id"": ""Standard"", ""plan"": ""Basic"", ""access"": ""Multi Club; State of Enrollment"", ""monthly_dues"": 79.0, ""initiation_fee"": 199.0, ""annual_fee"": 69.0, ""effective_monthly_cost"": 101.33333333333333}, {""plan_id"": ""Classic"", ""plan"": ""Classic"", ""access"": ""Nationwide Access"", ""monthly_dues"": 29.99, ""initiation_fee"": 99.0, ""annual_fee"": 69.0, ""effective_monthly_cost"": 43.99}, {""plan_id"": ""Premier"", ""plan"": ""Classic"", ""access"": ""State of Enrollment; Nationwide Access"", ""monthly_dues"": 39.99, ""initiation_fee"": 0.0, ""annual_fee"": 69.0, ""effective_monthly_cost"": 45.74}]",Observed,https://www.lafitness.com/Pages/MembershipSignUpRate.aspx?id=Y6E1ccHqAOH59JiM7yx7bA%3d%3d,2026-09-01T01:55:20.031707+00:00,
683,FT. Lauderdale - SE 10th Ave.,"1900 SE 10th Ave, Fort Lauderdale, FL 33316",33316,Broward County,Google location address match,29.99,29.99,0.0,69.0,35.74,"[29.99, 39.99]","[0.0, 99.0]",[69.0],"[{""plan_id"": ""Standard"", ""plan"": ""Basic"", ""access"": ""Club of Enrollment"", ""monthly_dues"": 29.99, ""initiation_fee"": 0.0, ""annual_fee"": 69.0, ""effective_monthly_cost"": 35.74}, {""plan_id"": ""Classic"", ""plan"": ""Classic"", ""access"": ""Nationwide Access"", ""monthly_dues"": 29.99, ""initiation_fee"": 99.0, ""annual_fee"": 69.0, ""effective_monthly_cost"": 43.99}, {""plan_id"": ""Premier"", ""plan"": ""Classic"", ""access"": ""Nationwide Access"", ""monthly_dues"": 39.99, ""initiation_fee"": 0.0, ""annual_fee"": 69.0, ""effective_monthly_cost"": 45.74}]",Observed,https://www.lafitness.com/Pages/MembershipSignUpRate.aspx?id=fHkbbxeBxgjbSnOp%2b5BcFA%3d%3d,2026-09-01T01:55:20.031707+00:00,
490,FT. Myers South-Gulf Center Dr,"10058 Gulf Center Drive, Ft. Myers, FL 33913",10058,Lee County,Google location address match,29.99,79.0,199.0,69.0,101.33333333333333,"[79.0, 29.99, 0.0]","[199.0, 99.0, 0.0]","[69.0, 0.0]","[{""plan_id"": ""Standard"", ""plan"": ""Basic"", ""access"": ""Multi Club; State of Enrollment"", ""monthly_dues"": 79.0, ""initiation_fee"": 199.0, ""annual_fee"": 69.0, ""effective_monthly_cost"": 101.33333333333333}, {""plan_id"": ""Classic"", ""plan"": ""Classic"", ""access"": ""Nationwide Access"", ""monthly_dues"": 29.99, ""initiation_fee"": 99.0, ""annual_fee"": 69.0, ""effective_monthly_cost"": 43.99}, {""plan_id"": ""Premier"", ""plan"": ""Classic"", ""access"": ""State of Enrollment"", ""monthly_dues"": 0.0, ""initiation_fee"": 0.0, ""annual_fee"": 0.0, ""effective_monthly_cost"": 0.0}]",Observed,https://www.lafitness.com/Pages/MembershipSignUpRate.aspx?id=J5CdUUCiwPiKcn5Pj8kaWA%3d%3d,2026-09-01T01:55:20.031707+00:00,
714,Hialeah-Palmetto Expy,"1901 West 39th Street, Hialeah, FL 33012",33012,Miami-Dade County,city/address override,29.99,29.99,0.0,69.0,35.74,"[29.99, 39.99]","[0.0, 99.0]",[69.0],"[{""plan_id"": ""Standard"", ""plan"": ""Basic"", ""access"": ""Club of Enrollment"", ""monthly_dues"": 29.99, ""initiation_fee"": 0.0, ""annual_fee"": 69.0, ""effective_monthly_cost"": 35.74}, {""plan_id"": ""Classic"", ""plan"": ""Classic"", ""access"": ""Nationwide Access"", ""monthly_dues"": 29.99, ""initiation_fee"": 99.0, ""annual_fee"": 69.0, ""effective_monthly_cost"": 43.99}, {""plan_id"": ""Premier"", ""plan"": ""Classic"", ""access"": ""Nationwide Access"", ""monthly_dues"": 39.99, ""initiation_fee"": 0.0, ""annual_fee"": 69.0, ""effective_monthly_cost"": 45.74}]",Observed,https://www.lafitness.com/Pages/MembershipSignUpRate.aspx?id=va1nvv9tEwLhwIxjFfuUuA%3d%3d,2026-09-01T01:55:20.031707+00:00,
631,Hialeah/W 49th St,"630 W 49th Street, Hialeah, FL 33012",33012,Miami-Dade County,Google location address match,29.99,29.99,0.0,69.0,35.74,"[29.99, 99.0]","[0.0, 199.0, 99.0]",[69.0],"[{""plan_id"": ""Standard"", ""plan"": ""Basic"", ""access"": ""Club of Enrollment"", ""monthly_dues"": 29.99, ""initiation_fee"": 0.0, ""annual_fee"": 69.0, ""effective_monthly_cost"": 35.74}, {""plan_id"": ""Classic"", ""plan"": ""Classic"", ""access"": ""Multi Club; State of Enrollment"", ""monthly_dues"": 99.0, ""initiation_fee"": 199.0, ""annual_fee"": 69.0, ""effective_monthly_cost"": 121.33333333333333}, {""plan_id"": ""Premier"", ""plan"": ""Classic"", ""access"": ""State of Enrollment; Nationwide Access"", ""monthly_dues"": 29.99, ""initiation_fee"": 99.0, ""annual_fee"": 69.0, ""effective_monthly_cost"": 43.99}]",Observed,https://www.lafitness.com/Pages/MembershipSignUpRate.aspx?id=Mj47YZV44I5OrWjXTafbyg%3d%3d,2026-09-01T01:55:20.031707+00:00,
1328,Miami Gardens - NW 57th Ave,"5730 NW 183rd St, Hialeah, FL 33015",33015,Miami-Dade County,Google location address match,29.99,29.99,0.0,69.0,35.74,"[29.99, 39.99]","[0.0, 99.0]",[69.0],"[{""plan_id"": ""Standard"", ""plan"": ""Basic"", ""access"": ""Club of Enrollment"", ""monthly_dues"": 29.99, ""initiation_fee"": 0.0, ""annual_fee"": 69.0, ""effective_monthly_cost"": 35.74}, {""plan_id"": ""Classic"", ""plan"": ""Classic"", ""access"": ""Nationwide Access"", ""monthly_dues"": 29.99, ""initiation_fee"": 99.0, ""annual_fee"": 69.0, ""effective_monthly_cost"": 43.99}, {""plan_id"": ""Premier"", ""plan"": ""Classic"", ""access"": ""Nationwide Access"", ""monthly_dues"": 39.99, ""initiation_fee"": 0.0, ""annual_fee"": 69.0, ""effective_monthly_cost"": 45.74}]",Observed,https://www.lafitness.com/Pages/MembershipSignUpRate.aspx?id=cDWRdZh1jnOyBl50huSlFA%3d%3d,2026-09-01T01:55:20.031707+00:00,
276,"Hollywood, FL","5591 Sheridan Street, Hollywood, FL 33021",33021,Broward County,Google location address match,29.99,29.99,0.0,69.0,35.74,"[29.99, 79.0]","[0.0, 199.0, 99.0]",[69.0],"[{""plan_id"": ""Standard"", ""plan"": ""Basic"", ""access"": ""Club of Enrollment"", ""monthly_dues"": 29.99, ""initiation_fee"": 0.0, ""annual_fee"": 69.0, ""effective_monthly_cost"": 35.74}, {""plan_id"": ""Classic"", ""plan"": ""Classic"", ""access"": ""Multi Club; State of Enrollment"", ""monthly_dues"": 79.0, ""initiation_fee"": 199.0, ""annual_fee"": 69.0, ""effective_monthly_cost"": 101.33333333333333}, {""plan_id"": ""Premier"", ""plan"": ""Classic"", ""access"": ""State of Enrollment; Nationwide Access"", ""monthly_dues"": 29.99, ""initiation_fee"": 99.0, ""annual_fee"": 69.0, ""effective_monthly_cost"": 43.99}]",Observed,https://www.lafitness.com/Pages/MembershipSignUpRate.aspx?id=LYL105hvpYyPkar6uHF9rw%3d%3d,2026-09-01T01:55:20.031707+00:00,
680,Atlantic @ Kernan,"11901 Atlantic Blvd Ste 800, Jacksonville, FL 32225",11901,Duval County,Google location address match,29.99,29.99,0.0,69.0,35.74,"[29.99, 39.99]","[0.0, 99.0]",[69.0],"[{""plan_id"": ""Standard"", ""plan"": ""Basic"", ""access"": ""Club of Enrollment"", ""monthly_dues"": 29.99, ""initiation_fee"": 0.0, ""annual_fee"": 69.0, ""effective_monthly_cost"": 35.74}, {""plan_id"": ""Classic"", ""plan"": ""Classic"", ""access"": ""Nationwide Access"", ""monthly_dues"": 29.99, ""initiation_fee"": 99.0, ""annual_fee"": 69.0, ""effective_monthly_cost"": 43.99}, {""plan_id"": ""Premier"", ""plan"": ""Classic"", ""access"": ""Nationwide Access"", ""monthly_dues"": 39.99, ""initiation_fee"": 0.0, ""annual_fee"": 69.0, ""effective_monthly_cost"": 45.74}]",Observed,https://www.lafitness.com/Pages/MembershipSignUpRate.aspx?id=8Kih5yH9d3tajdVwb5ZI3g%3d%3d,2026-09-01T01:55:20.031707+00:00,
1208,Jacksonville-Old St. Augustine,"11250 Old St Augustine Rd, Suite 16, Jacksonville, FL 32257",11250,Duval County,Google location address match,29.99,29.99,0.0,69.0,35.74,"[29.99, 39.99]","[0.0, 99.0]",[69.0],"[{""plan_id"": ""Standard"", ""plan"": ""Basic"", ""access"": ""Club of Enrollment"", ""monthly_dues"": 29.99, ""initiation_fee"": 0.0, ""annual_fee"": 69.0, ""effective_monthly_cost"": 35.74}, {""plan_id"": ""Classic"", ""plan"": ""Classic"", ""access"": ""Nationwide Access"", ""monthly_dues"": 29.99, ""initiation_fee"": 99.0, ""annual_fee"": 69.0, ""effective_monthly_cost"": 43.99}, {""plan_id"": ""Premier"", ""plan"": ""Classic"", ""access"": ""Nationwide Access"", ""monthly_dues"": 39.99, ""initiation_fee"": 0.0, ""annual_fee"": 69.0, ""effective_monthly_cost"": 45.74}]",Observed,https://www.lafitness.com/Pages/MembershipSignUpRate.aspx?id=bTp8pMWEGqfkTOFzTInk9Q%3d%3d,2026-09-01T01:55:20.031707+00:00,
1130,Kissimmee,"1750 Ball Park Road, Kissimmee, FL 34741",34741,Osceola County,ZIP-only match,29.99,29.99,0.0,69.0,35.74,"[29.99, 39.99]","[0.0, 99.0]",[69.0],"[{""plan_id"": ""Standard"", ""plan"": ""Basic"", ""access"": ""Club of Enrollment"", ""monthly_dues"": 29.99, ""initiation_fee"": 0.0, ""annual_fee"": 69.0, ""effective_monthly_cost"": 35.74}, {""plan_id"": ""Classic"", ""plan"": ""Classic"", ""access"": ""Nationwide Access"", ""monthly_dues"": 29.99, ""initiation_fee"": 99.0, ""annual_fee"": 69.0, ""effective_monthly_cost"": 43.99}, {""plan_id"": ""Premier"", ""plan"": ""Classic"", ""access"": ""Nationwide Access"", ""monthly_dues"": 39.99, ""initiation_fee"": 0.0, ""annual_fee"": 69.0, ""effective_monthly_cost"": 45.74}]",Observed,https://www.lafitness.com/Pages/MembershipSignUpRate.aspx?id=z9rsPZIUdeCsPOU%2fckfk5g%3d%3d,2026-09-01T01:55:20.031707+00:00,
1240,Kissimmee - Osceola Pkwy,"1980 Osceola Pkwy, Kissimmee, FL 34743",34743,Osceola County,Google location address match,29.99,29.99,0.0,69.0,35.74,"[29.99, 39.99]","[0.0, 99.0]",[69.0],"[{""plan_id"": ""Standard"", ""plan"": ""Basic"", ""access"": ""Club of Enrollment"", ""monthly_dues"": 29.99, ""initiation_fee"": 0.0, ""annual_fee"": 69.0, ""effective_monthly_cost"": 35.74}, {""plan_id"": ""Classic"", ""plan"": ""Classic"", ""access"": ""Nationwide Access"", ""monthly_dues"": 29.99, ""initiation_fee"": 99.0, ""annual_fee"": 69.0, ""effective_monthly_cost"": 43.99}, {""plan_id"": ""Premier"", ""plan"": ""Classic"", ""access"": ""Nationwide Access"", ""monthly_dues"": 39.99, ""initiation_fee"": 0.0, ""annual_fee"": 69.0, ""effective_monthly_cost"": 45.74}]",Observed,https://www.lafitness.com/Pages/MembershipSignUpRate.aspx?id=eB7tmwZRp69HecOstqQjsA%3d%3d,2026-09-01T01:55:20.031707+00:00,
949,Lake Mary,"3851 Lake Emma Rd., Lake Mary, FL 32746",32746,Seminole County,Google location address match,29.99,29.99,0.0,69.0,35.74,"[29.99, 39.99]","[0.0, 99.0]",[69.0],"[{""plan_id"": ""Standard"", ""plan"": ""Basic"", ""access"": ""Club of Enrollment"", ""monthly_dues"": 29.99, ""initiation_fee"": 0.0, ""annual_fee"": 69.0, ""effective_monthly_cost"": 35.74}, {""plan_id"": ""Classic"", ""plan"": ""Classic"", ""access"": ""Nationwide Access"", ""monthly_dues"": 29.99, ""initiation_fee"": 99.0, ""annual_fee"": 69.0, ""effective_monthly_cost"": 43.99}, {""plan_id"": ""Premier"", ""plan"": ""Classic"", ""access"": ""Nationwide Access"", ""monthly_dues"": 39.99, ""initiation_fee"": 0.0, ""annual_fee"": 69.0, ""effective_monthly_cost"": 45.74}]",Observed,https://www.lafitness.com/Pages/MembershipSignUpRate.aspx?id=NoImIWC4TQd%2bfHzbqeD4TQ%3d%3d,2026-09-01T01:55:20.031707+00:00,
588,Lake Worth,"8888 Lantana Road, Lake Worth, FL 33467",33467,Palm Beach County,ZIP-only match,29.99,29.99,0.0,69.0,35.74,"[29.99, 39.99]","[0.0, 99.0]",[69.0],"[{""plan_id"": ""Standard"", ""plan"": ""Basic"", ""access"": ""Club of Enrollment"", ""monthly_dues"": 29.99, ""initiation_fee"": 0.0, ""annual_fee"": 69.0, ""effective_monthly_cost"": 35.74}, {""plan_id"": ""Classic"", ""plan"": ""Classic"", ""access"": ""Nationwide Access"", ""monthly_dues"": 29.99, ""initiation_fee"": 99.0, ""annual_fee"": 69.0, ""effective_monthly_cost"": 43.99}, {""plan_id"": ""Premier"", ""plan"": ""Classic"", ""access"": ""Nationwide Access"", ""monthly_dues"": 39.99, ""initiation_fee"": 0.0, ""annual_fee"": 69.0, ""effective_monthly_cost"": 45.74}]",Observed,https://www.lafitness.com/Pages/MembershipSignUpRate.aspx?id=7FJsW6yQ7w3Sk9oeNl411A%3d%3d,2026-09-01T01:55:20.031707+00:00,
1235,Lakeland-Lakeland Park Center,"833 Lakeland Park Center Drive, Lakeland, FL 33809",33809,Polk County,Google location address match,29.99,29.99,99.0,69.0,43.99,"[29.99, 39.99, 0.0]","[99.0, 0.0]","[69.0, 0.0]","[{""plan_id"": ""Standard"", ""plan"": ""Basic"", ""access"": ""Nationwide Access"", ""monthly_dues"": 29.99, ""initiation_fee"": 99.0, ""annual_fee"": 69.0, ""effective_monthly_cost"": 43.99}, {""plan_id"": ""Classic"", ""plan"": ""Classic"", ""access"": ""Nationwide Access"", ""monthly_dues"": 39.99, ""initiation_fee"": 0.0, ""annual_fee"": 69.0, ""effective_monthly_cost"": 45.74}, {""plan_id"": ""Premier"", ""plan"": ""Classic"", ""access"": """", ""monthly_dues"": 0.0, ""initiation_fee"": 0.0, ""annual_fee"": 0.0, ""effective_monthly_cost"": 0.0}]",Observed,https://www.lafitness.com/Pages/MembershipSignUpRate.aspx?id=394L5%2flsTxfqpWdmELhmgQ%3d%3d,2026-09-01T01:55:20.031707+00:00,
1248,Lakewood Ranch,"11661 SR 70 E, Lakewood Ranch, FL 34202",11661,Manatee County,ZIP-only match,29.99,79.0,199.0,69.0,101.33333333333333,"[79.0, 29.99, 0.0]","[199.0, 99.0, 0.0]","[69.0, 0.0]","[{""plan_id"": ""Standard"", ""plan"": ""Basic"", ""access"": ""Multi Club; State of Enrollment"", ""monthly_dues"": 79.0, ""initiation_fee"": 199.0, ""annual_fee"": 69.0, ""effective_monthly_cost"": 101.33333333333333}, {""plan_id"": ""Classic"", ""plan"": ""Classic"", ""access"": ""Nationwide Access"", ""monthly_dues"": 29.99, ""initiation_fee"": 99.0, ""annual_fee"": 69.0, ""effective_monthly_cost"": 43.99}, {""plan_id"": ""Premier"", ""plan"": ""Classic"", ""access"": ""State of Enrollment"", ""monthly_dues"": 0.0, ""initiation_fee"": 0.0, ""annual_fee"": 0.0, ""effective_monthly_cost"": 0.0}]",Observed,https://www.lafitness.com/Pages/MembershipSignUpRate.aspx?id=P1ChyYr6pGlInftIq6VBnw%3d%3d,2026-09-01T01:55:20.031707+00:00,
1061,Largo - Missouri Ave.,"1229 Missouri Ave N, Largo, FL 33770",33770,Pinellas County,Google location address match,29.99,29.99,99.0,69.0,43.99,"[29.99, 39.99, 0.0]","[99.0, 0.0]","[69.0, 0.0]","[{""plan_id"": ""Standard"", ""plan"": ""Basic"", ""access"": ""Nationwide Access"", ""monthly_dues"": 29.99, ""initiation_fee"": 99.0, ""annual_fee"": 69.0, ""effective_monthly_cost"": 43.99}, {""plan_id"": ""Classic"", ""plan"": ""Classic"", ""access"": ""Nationwide Access"", ""monthly_dues"": 39.99, ""initiation_fee"": 0.0, ""annual_fee"": 69.0, ""effective_monthly_cost"": 45.74}, {""plan_id"": ""Premier"", ""plan"": ""Classic"", ""access"": """", ""monthly_dues"": 0.0, ""initiation_fee"": 0.0, ""annual_fee"": 0.0, ""effective_monthly_cost"": 0.0}]",Observed,https://www.lafitness.com/Pages/MembershipSignUpRate.aspx?id=CLg92RhK5RRE619CqVCm%2bA%3d%3d,2026-09-01T01:55:20.031707+00:00,
1021,Melbourne - Wickham Rd.,"2447 N Wickham Rd Suite 102, Melbourne, FL 32935",32935,Brevard County,Google location address match,29.99,29.99,0.0,69.0,35.74,"[29.99, 39.99]","[0.0, 99.0]",[69.0],"[{""plan_id"": ""Standard"", ""plan"": ""Basic"", ""access"": ""Club of Enrollment"", ""monthly_dues"": 29.99, ""initiation_fee"": 0.0, ""annual_fee"": 69.0, ""effective_monthly_cost"": 35.74}, {""plan_id"": ""Classic"", ""plan"": ""Classic"", ""access"": ""Nationwide Access"", ""monthly_dues"": 29.99, ""initiation_fee"": 99.0, ""annual_fee"": 69.0, ""effective_monthly_cost"": 43.99}, {""plan_id"": ""Premier"", ""plan"": ""Classic"", ""access"": ""Nationwide Access"", ""monthly_dues"": 39.99, ""initiation_fee"": 0.0, ""annual_fee"": 69.0, ""effective_monthly_cost"": 45.74}]",Observed,https://www.lafitness.com/Pages/MembershipSignUpRate.aspx?id=06n7BcXsr6UHQG8VNnEkqg%3d%3d,2026-09-01T01:55:20.031707+00:00,
20,Kendall - SW 124th,"8555 SW 124th Avenue, Miami, FL 33183",33183,Miami-Dade County,Google location address match,29.99,29.99,0.0,69.0,35.74,"[29.99, 79.0]","[0.0, 199.0, 99.0]",[69.0],"[{""plan_id"": ""Standard"", ""plan"": ""Basic"", ""access"": ""Club of Enrollment"", ""monthly_dues"": 29.99, ""initiation_fee"": 0.0, ""annual_fee"": 69.0, ""effective_monthly_cost"": 35.74}, {""plan_id"": ""Classic"", ""plan"": ""Classic"", ""access"": ""Multi Club; State of Enrollment"", ""monthly_dues"": 79.0, ""initiation_fee"": 199.0, ""annual_fee"": 69.0, ""effective_monthly_cost"": 101.33333333333333}, {""plan_id"": ""Premier"", ""plan"": ""Classic"", ""access"": ""State of Enrollment; Nationwide Access"", ""monthly_dues"": 29.99, ""initiation_fee"": 99.0, ""annual_fee"": 69.0, ""effective_monthly_cost"": 43.99}]",Observed,https://www.lafitness.com/Pages/MembershipSignUpRate.aspx?id=LcCtesjaGBaAfvfI2yZk%2bQ%3d%3d,2026-09-01T01:55:20.031707+00:00,
112,Doral,"10055 NW 41st Street, Miami, FL 33178",10055,Miami-Dade County,Google location address match,29.99,29.99,0.0,69.0,35.74,"[29.99, 39.99]","[0.0, 99.0]",[69.0],"[{""plan_id"": ""Standard"", ""plan"": ""Basic"", ""access"": ""Club of Enrollment"", ""monthly_dues"": 29.99, ""initiation_fee"": 0.0, ""annual_fee"": 69.0, ""effective_monthly_cost"": 35.74}, {""plan_id"": ""Classic"", ""plan"": ""Classic"", ""access"": ""Nationwide Access"", ""monthly_dues"": 29.99, ""initiation_fee"": 99.0, ""annual_fee"": 69.0, ""effective_monthly_cost"": 43.99}, {""plan_id"": ""Premier"", ""plan"": ""Classic"", ""access"": ""Nationwide Access"", ""monthly_dues"": 39.99, ""initiation_fee"": 0.0, ""annual_fee"": 69.0, ""effective_monthly_cost"": 45.74}]",Observed,https://www.lafitness.com/Pages/MembershipSignUpRate.aspx?id=oO8sslTbb6b%2fMsfqDZdLzg%3d%3d,2026-09-01T01:55:20.031707+00:00,
237,Miami West -SW 8th Street,"14100 SW 8th Street, Miami, FL 33184",14100,Miami-Dade County,Google location address match,29.99,29.99,0.0,69.0,35.74,"[29.99, 39.99]","[0.0, 99.0]",[69.0],"[{""plan_id"": ""Standard"", ""plan"": ""Basic"", ""access"": ""Club of Enrollment"", ""monthly_dues"": 29.99, ""initiation_fee"": 0.0, ""annual_fee"": 69.0, ""effective_monthly_cost"": 35.74}, {""plan_id"": ""Classic"", ""plan"": ""Classic"", ""access"": ""Nationwide Access"", ""monthly_dues"": 29.99, ""initiation_fee"": 99.0, ""annual_fee"": 69.0, ""effective_monthly_cost"": 43.99}, {""plan_id"": ""Premier"", ""plan"": ""Classic"", ""access"": ""Nationwide Access"", ""monthly_dues"": 39.99, ""initiation_fee"": 0.0, ""annual_fee"": 69.0, ""effective_monthly_cost"": 45.74}]",Observed,https://www.lafitness.com/Pages/MembershipSignUpRate.aspx?id=9YirEeV5xSiI3Yni5XHZbA%3d%3d,2026-09-01T01:55:20.031707+00:00,
421,Kendall West - SW 88th,"16339 SW 88th St, Miami, FL 33196",16339,Miami-Dade County,Google location address match,29.99,29.99,0.0,69.0,35.74,"[29.99, 99.0]","[0.0, 199.0, 99.0]",[69.0],"[{""plan_id"": ""Standard"", ""plan"": ""Basic"", ""access"": ""Club of Enrollment"", ""monthly_dues"": 29.99, ""initiation_fee"": 0.0, ""annual_fee"": 69.0, ""effective_monthly_cost"": 35.74}, {""plan_id"": ""Classic"", ""plan"": ""Classic"", ""access"": ""Multi Club; State of Enrollment"", ""monthly_dues"": 99.0, ""initiation_fee"": 199.0, ""annual_fee"": 69.0, ""effective_monthly_cost"": 121.33333333333333}, {""plan_id"": ""Premier"", ""plan"": ""Classic"", ""access"": ""State of Enrollment; Nationwide Access"", ""monthly_dues"": 29.99, ""initiation_fee"": 99.0, ""annual_fee"": 69.0, ""effective_monthly_cost"": 43.99}]",Observed,https://www.lafitness.com/Pages/MembershipSignUpRate.aspx?id=Dbd4jsj0wvg5BFqdjqAZMw%3d%3d,2026-09-01T01:55:20.031707+00:00,
553,Mary Brickell (Signature),"900 South Miami Ave Ste 236, Miami, FL 33130",33130,Miami-Dade County,ZIP-only match,29.99,29.99,0.0,69.0,35.74,"[29.99, 39.99]","[0.0, 99.0]",[69.0],"[{""plan_id"": ""Standard"", ""plan"": ""Basic"", ""access"": ""Club of Enrollment"", ""monthly_dues"": 29.99, ""initiation_fee"": 0.0, ""annual_fee"": 69.0, ""effective_monthly_cost"": 35.74}, {""plan_id"": ""Classic"", ""plan"": ""Classic"", ""access"": ""Nationwide Access"", ""monthly_dues"": 29.99, ""initiation_fee"": 99.0, ""annual_fee"": 69.0, ""effective_monthly_cost"": 43.99}, {""plan_id"": ""Premier"", ""plan"": ""Classic"", ""access"": ""Nationwide Access"", ""monthly_dues"": 39.99, ""initiation_fee"": 0.0, ""annual_fee"": 69.0, ""effective_monthly_cost"": 45.74}]",Observed,https://www.lafitness.com/Pages/MembershipSignUpRate.aspx?id=amFmdnkXuEaFJNZQ6vKvvg%3d%3d,2026-09-01T01:55:20.031707+00:00,
712,Coral Gables,"3301 SW 22nd Street, Miami, FL 33145",33145,Miami-Dade County,ZIP-only match,29.99,29.99,0.0,69.0,35.74,"[29.99, 39.99]","[0.0, 99.0]",[69.0],"[{""plan_id"": ""Standard"", ""plan"": ""Basic"", ""access"": ""Club of Enrollment"", ""monthly_dues"": 29.99, ""initiation_fee"": 0.0, ""annual_fee"": 69.0, ""effective_monthly_cost"": 35.74}, {""plan_id"": ""Classic"", ""plan"": ""Classic"", ""access"": ""Nationwide Access"", ""monthly_dues"": 29.99, ""initiation_fee"": 99.0, ""annual_fee"": 69.0, ""effective_monthly_cost"": 43.99}, {""plan_id"": ""Premier"", ""plan"": ""Classic"", ""access"": ""Nationwide Access"", ""monthly_dues"": 39.99, ""initiation_fee"": 0.0, ""annual_fee"": 69.0, ""effective_monthly_cost"": 45.74}]",Observed,https://www.lafitness.com/Pages/MembershipSignUpRate.aspx?id=NPwzXu710dUhdCCyfIntjA%3d%3d,2026-09-01T01:55:20.031707+00:00,
718,Miami-Sw 56th St,"13838 S.W. 56th Street, Miami, FL 33175",13838,Miami-Dade County,ZIP-only match,29.99,29.99,0.0,69.0,35.74,"[29.99, 79.0]","[0.0, 199.0, 99.0]",[69.0],"[{""plan_id"": ""Standard"", ""plan"": ""Basic"", ""access"": ""Club of Enrollment"", ""monthly_dues"": 29.99, ""initiation_fee"": 0.0, ""annual_fee"": 69.0, ""effective_monthly_cost"": 35.74}, {""plan_id"": ""Classic"", ""plan"": ""Classic"", ""access"": ""Multi Club; State of Enrollment"", ""monthly_dues"": 79.0, ""initiation_fee"": 199.0, ""annual_fee"": 69.0, ""effective_monthly_cost"": 101.33333333333333}, {""plan_id"": ""Premier"", ""plan"": ""Classic"", ""access"": ""State of Enrollment; Nationwide Access"", ""monthly_dues"": 29.99, ""initiation_fee"": 99.0, ""annual_fee"": 69.0, ""effective_monthly_cost"": 43.99}]",Observed,https://www.lafitness.com/Pages/MembershipSignUpRate.aspx?id=mLtj9LEc%2fJeAftPu09GjxQ%3d%3d,2026-09-01T01:55:20.031707+00:00,
798,Southland-Tpke / S Dixie,"20505 South Dixie Highway, Miami, FL 33189",20505,Miami-Dade County,ZIP-only match,29.99,29.99,0.0,69.0,35.74,"[29.99, 39.99]","[0.0, 99.0]",[69.0],"[{""plan_id"": ""Standard"", ""plan"": ""Basic"", ""access"": ""Club of Enrollment"", ""monthly_dues"": 29.99, ""initiation_fee"": 0.0, ""annual_fee"": 69.0, ""effective_monthly_cost"": 35.74}, {""plan_id"": ""Classic"", ""plan"": ""Classic"", ""access"": ""Nationwide Access"", ""monthly_dues"": 29.99, ""initiation_fee"": 99.0, ""annual_fee"": 69.0, ""effective_monthly_cost"": 43.99}, {""plan_id"": ""Premier"", ""plan"": ""Classic"", ""access"": ""Nationwide Access"", ""monthly_dues"": 39.99, ""initiation_fee"": 0.0, ""annual_fee"": 69.0, ""effective_monthly_cost"": 45.74}]",Observed,https://www.lafitness.com/Pages/MembershipSignUpRate.aspx?id=ByLjft3ZUXs4SGg0NWKySQ%3d%3d,2026-09-01T01:55:20.031707+00:00,
1020,Miami - W. Flagler St,"9291 W Flagler St, Miami, FL 33174",33174,Miami-Dade County,Google location address match,29.99,29.99,0.0,69.0,35.74,"[29.99, 39.99]","[0.0, 99.0]",[69.0],"[{""plan_id"": ""Standard"", ""plan"": ""Basic"", ""access"": ""Club of Enrollment"", ""monthly_dues"": 29.99, ""initiation_fee"": 0.0, ""annual_fee"": 69.0, ""effective_monthly_cost"": 35.74}, {""plan_id"": ""Classic"", ""plan"": ""Classic"", ""access"": ""Nationwide Access"", ""monthly_dues"": 29.99, ""initiation_fee"": 99.0, ""annual_fee"": 69.0, ""effective_monthly_cost"": 43.99}, {""plan_id"": ""Premier"", ""plan"": ""Classic"", ""access"": ""Nationwide Access"", ""monthly_dues"": 39.99, ""initiation_fee"": 0.0, ""annual_fee"": 69.0, ""effective_monthly_cost"": 45.74}]",Observed,https://www.lafitness.com/Pages/MembershipSignUpRate.aspx?id=Q9YeXd4GvGO%2bTa8bPwTQaw%3d%3d,2026-09-01T01:55:20.031707+00:00,
1043,Miami - SW 152nd Street,"15400 SW 127th Avenue, Miami, FL 33177",15400,Miami-Dade County,Google location address match,29.99,29.99,0.0,69.0,35.74,"[29.99, 39.99]","[0.0, 99.0]",[69.0],"[{""plan_id"": ""Standard"", ""plan"": ""Basic"", ""access"": ""Club of Enrollment"", ""monthly_dues"": 29.99, ""initiation_fee"": 0.0, ""annual_fee"": 69.0, ""effective_monthly_cost"": 35.74}, {""plan_id"": ""Classic"", ""plan"": ""Classic"", ""access"": ""Nationwide Access"", ""monthly_dues"": 29.99, ""initiation_fee"": 99.0, ""annual_fee"": 69.0, ""effective_monthly_cost"": 43.99}, {""plan_id"": ""Premier"", ""plan"": ""Classic"", ""access"": ""Nationwide Access"", ""monthly_dues"": 39.99, ""initiation_fee"": 0.0, ""annual_fee"": 69.0, ""effective_monthly_cost"": 45.74}]",Observed,https://www.lafitness.com/Pages/MembershipSignUpRate.aspx?id=VbDJNDpeeRZoV7tpT6zGlQ%3d%3d,2026-09-01T01:55:20.031707+00:00,
1153,Miami - Bird Rd,"8310 Bird Road, Miami, FL 33155",33155,Miami-Dade County,ZIP-only match,29.99,29.99,0.0,69.0,35.74,"[29.99, 39.99]","[0.0, 99.0]",[69.0],"[{""plan_id"": ""Standard"", ""plan"": ""Basic"", ""access"": ""Club of Enrollment"", ""monthly_dues"": 29.99, ""initiation_fee"": 0.0, ""annual_fee"": 69.0, ""effective_monthly_cost"": 35.74}, {""plan_id"": ""Classic"", ""plan"": ""Classic"", ""access"": ""Nationwide Access"", ""monthly_dues"": 29.99, ""initiation_fee"": 99.0, ""annual_fee"": 69.0, ""effective_monthly_cost"": 43.99}, {""plan_id"": ""Premier"", ""plan"": ""Classic"", ""access"": ""Nationwide Access"", ""monthly_dues"": 39.99, ""initiation_fee"": 0.0, ""annual_fee"": 69.0, ""effective_monthly_cost"": 45.74}]",Observed,https://www.lafitness.com/Pages/MembershipSignUpRate.aspx?id=vO0RH6GePNzPcFTUP%2bRX1g%3d%3d,2026-09-01T01:55:20.031707+00:00,
1402,Miramar - Red Rd.,"11645 Red Road, Unit H-1, Miramar, FL 33025",11645,Broward County,ZIP-only match,29.99,29.99,0.0,69.0,35.74,"[29.99, 39.99]","[0.0, 99.0]",[69.0],"[{""plan_id"": ""Standard"", ""plan"": ""Basic"", ""access"": ""Club of Enrollment"", ""monthly_dues"": 29.99, ""initiation_fee"": 0.0, ""annual_fee"": 69.0, ""effective_monthly_cost"": 35.74}, {""plan_id"": ""Classic"", ""plan"": ""Classic"", ""access"": ""Nationwide Access"", ""monthly_dues"": 29.99, ""initiation_fee"": 99.0, ""annual_fee"": 69.0, ""effective_monthly_cost"": 43.99}, {""plan_id"": ""Premier"", ""plan"": ""Classic"", ""access"": ""Nationwide Access"", ""monthly_dues"": 39.99, ""initiation_fee"": 0.0, ""annual_fee"": 69.0, ""effective_monthly_cost"": 45.74}]",Observed,https://www.lafitness.com/Pages/MembershipSignUpRate.aspx?id=jrxV%2bx1zwprkgurNJ8bOVw%3d%3d,2026-09-01T01:55:20.031707+00:00,
201,Miami Gardens,"1580 NE Miami Gardens Drive, N. Miami Beach, FL 33179",33179,Miami-Dade County,Google location address match,29.99,29.99,0.0,69.0,35.74,"[29.99, 79.0]","[0.0, 199.0, 99.0]",[69.0],"[{""plan_id"": ""Standard"", ""plan"": ""Basic"", ""access"": ""Club of Enrollment"", ""monthly_dues"": 29.99, ""initiation_fee"": 0.0, ""annual_fee"": 69.0, ""effective_monthly_cost"": 35.74}, {""plan_id"": ""Classic"", ""plan"": ""Classic"", ""access"": ""Multi Club; State of Enrollment"", ""monthly_dues"": 79.0, ""initiation_fee"": 199.0, ""annual_fee"": 69.0, ""effective_monthly_cost"": 101.33333333333333}, {""plan_id"": ""Premier"", ""plan"": ""Classic"", ""access"": ""State of Enrollment; Nationwide Access"", ""monthly_dues"": 29.99, ""initiation_fee"": 99.0, ""annual_fee"": 69.0, ""effective_monthly_cost"": 43.99}]",Observed,https://www.lafitness.com/Pages/MembershipSignUpRate.aspx?id=OPhtcIoP31F1HX93lrVrbA%3d%3d,2026-09-01T01:55:20.031707+00:00,
610,Naples @ Vanderbilt Beach Rd,"871 Vanderbilt Beach Rd, Naples, FL 34108",34108,Collier County,Google location address match,29.99,79.0,199.0,69.0,101.33333333333333,"[79.0, 29.99, 0.0]","[199.0, 99.0, 0.0]","[69.0, 0.0]","[{""plan_id"": ""Standard"", ""plan"": ""Basic"", ""access"": ""Multi Club; State of Enrollment"", ""monthly_dues"": 79.0, ""initiation_fee"": 199.0, ""annual_fee"": 69.0, ""effective_monthly_cost"": 101.33333333333333}, {""plan_id"": ""Classic"", ""plan"": ""Classic"", ""access"": ""Nationwide Access"", ""monthly_dues"": 29.99, ""initiation_fee"": 99.0, ""annual_fee"": 69.0, ""effective_monthly_cost"": 43.99}, {""plan_id"": ""Premier"", ""plan"": ""Classic"", ""access"": ""State of Enrollment"", ""monthly_dues"": 0.0, ""initiation_fee"": 0.0, ""annual_fee"": 0.0, ""effective_monthly_cost"": 0.0}]",Observed,https://www.lafitness.com/Pages/MembershipSignUpRate.aspx?id=7HjYhRpwxGaeMFqPuoOHwg%3d%3d,2026-09-01T01:55:20.031707+00:00,
502,North Miami,"1801 NE 123rd St Suite 200, North Miami, FL 33181",33181,Miami-Dade County,Google location address match,29.99,29.99,0.0,69.0,35.74,"[29.99, 39.99]","[0.0, 99.0]",[69.0],"[{""plan_id"": ""Standard"", ""plan"": ""Basic"", ""access"": ""Club of Enrollment"", ""monthly_dues"": 29.99, ""initiation_fee"": 0.0, ""annual_fee"": 69.0, ""effective_monthly_cost"": 35.74}, {""plan_id"": ""Classic"", ""plan"": ""Classic"", ""access"": ""Nationwide Access"", ""monthly_dues"": 29.99, ""initiation_fee"": 99.0, ""annual_fee"": 69.0, ""effective_monthly_cost"": 43.99}, {""plan_id"": ""Premier"", ""plan"": ""Classic"", ""access"": ""Nationwide Access"", ""monthly_dues"": 39.99, ""initiation_fee"": 0.0, ""annual_fee"": 69.0, ""effective_monthly_cost"": 45.74}]",Observed,https://www.lafitness.com/Pages/MembershipSignUpRate.aspx?id=CKraIBssrzMC%2faDuoVbXmg%3d%3d,2026-09-01T01:55:20.031707+00:00,
57,Fort Lauderdale,"3825 N. Federal Hwy., Oakland Park, FL 33308",33308,Broward County,Google location address match,29.99,29.99,0.0,69.0,35.74,"[29.99, 79.0]","[0.0, 199.0, 99.0]",[69.0],"[{""plan_id"": ""Standard"", ""plan"": ""Basic"", ""access"": ""Club of Enrollment"", ""monthly_dues"": 29.99, ""initiation_fee"": 0.0, ""annual_fee"": 69.0, ""effective_monthly_cost"": 35.74}, {""plan_id"": ""Classic"", ""plan"": ""Classic"", ""access"": ""Multi Club; State of Enrollment"", ""monthly_dues"": 79.0, ""initiation_fee"": 199.0, ""annual_fee"": 69.0, ""effective_monthly_cost"": 101.33333333333333}, {""plan_id"": ""Premier"", ""plan"": ""Classic"", ""access"": ""State of Enrollment; Nationwide Access"", ""monthly_dues"": 29.99, ""initiation_fee"": 99.0, ""annual_fee"": 69.0, ""effective_monthly_cost"": 43.99}]",Observed,https://www.lafitness.com/Pages/MembershipSignUpRate.aspx?id=rcBYqNyetCGVtwSaYAOY3A%3d%3d,2026-09-01T01:55:20.031707+00:00,
500,"Orange City, FL","2629 Enterprise Rd, Orange City, FL 32763",32763,Volusia County,Google location address match,29.99,29.99,99.0,69.0,43.99,"[29.99, 39.99, 0.0]","[99.0, 0.0]","[69.0, 0.0]","[{""plan_id"": ""Standard"", ""plan"": ""Basic"", ""access"": ""Nationwide Access"", ""monthly_dues"": 29.99, ""initiation_fee"": 99.0, ""annual_fee"": 69.0, ""effective_monthly_cost"": 43.99}, {""plan_id"": ""Classic"", ""plan"": ""Classic"", ""access"": ""Nationwide Access"", ""monthly_dues"": 39.99, ""initiation_fee"": 0.0, ""annual_fee"": 69.0, ""effective_monthly_cost"": 45.74}, {""plan_id"": ""Premier"", ""plan"": ""Classic"", ""access"": """", ""monthly_dues"": 0.0, ""initiation_fee"": 0.0, ""annual_fee"": 0.0, ""effective_monthly_cost"": 0.0}]",Observed,https://www.lafitness.com/Pages/MembershipSignUpRate.aspx?id=zx7JLqaT1dradX0wiKT2YQ%3d%3d,2026-09-01T01:55:20.031707+00:00,
1041,Orange Park - Blanding Blvd.,"661 Blanding Blvd, Suite 800, Orange Park, FL 32073",32073,Clay County,Google location address match,29.99,29.99,0.0,69.0,35.74,"[29.99, 39.99]","[0.0, 99.0]",[69.0],"[{""plan_id"": ""Standard"", ""plan"": ""Basic"", ""access"": ""Club of Enrollment"", ""monthly_dues"": 29.99, ""initiation_fee"": 0.0, ""annual_fee"": 69.0, ""effective_monthly_cost"": 35.74}, {""plan_id"": ""Classic"", ""plan"": ""Classic"", ""access"": ""Nationwide Access"", ""monthly_dues"": 29.99, ""initiation_fee"": 99.0, ""annual_fee"": 69.0, ""effective_monthly_cost"": 43.99}, {""plan_id"": ""Premier"", ""plan"": ""Classic"", ""access"": ""Nationwide Access"", ""monthly_dues"": 39.99, ""initiation_fee"": 0.0, ""annual_fee"": 69.0, ""effective_monthly_cost"": 45.74}]",Observed,https://www.lafitness.com/Pages/MembershipSignUpRate.aspx?id=cHbBLOITbpTpIwurYZ%2bfmA%3d%3d,2026-09-01T01:55:20.031707+00:00,
193,Hunters Creek,"12700 South Orange Blossom Trail, Orlando, FL 32837",12700,Orange County,ZIP-only match,29.99,29.99,0.0,69.0,35.74,"[29.99, 79.0]","[0.0, 199.0, 99.0]",[69.0],"[{""plan_id"": ""Standard"", ""plan"": ""Basic"", ""access"": ""Club of Enrollment"", ""monthly_dues"": 29.99, ""initiation_fee"": 0.0, ""annual_fee"": 69.0, ""effective_monthly_cost"": 35.74}, {""plan_id"": ""Classic"", ""plan"": ""Classic"", ""access"": ""Multi Club; State of Enrollment"", ""monthly_dues"": 79.0, ""initiation_fee"": 199.0, ""annual_fee"": 69.0, ""effective_monthly_cost"": 101.33333333333333}, {""plan_id"": ""Premier"", ""plan"": ""Classic"", ""access"": ""State of Enrollment; Nationwide Access"", ""monthly_dues"": 29.99, ""initiation_fee"": 99.0, ""annual_fee"": 69.0, ""effective_monthly_cost"": 43.99}]",Observed,https://www.lafitness.com/Pages/MembershipSignUpRate.aspx?id=tuh7W%2fd%2bAOXlmES%2fmH6IuQ%3d%3d,2026-09-01T01:55:20.031707+00:00,
242,Conway - Michigan,"4550 East Michigan Street, Orlando, FL 32812",32812,Orange County,ZIP-only match,29.99,29.99,0.0,69.0,35.74,"[29.99, 79.0]","[0.0, 199.0, 99.0]",[69.0],"[{""plan_id"": ""Standard"", ""plan"": ""Basic"", ""access"": ""Club of Enrollment"", ""monthly_dues"": 29.99, ""initiation_fee"": 0.0, ""annual_fee"": 69.0, ""effective_monthly_cost"": 35.74}, {""plan_id"": ""Classic"", ""plan"": ""Classic"", ""access"": ""Multi Club; State of Enrollment"", ""monthly_dues"": 79.0, ""initiation_fee"": 199.0, ""annual_fee"": 69.0, ""effective_monthly_cost"": 101.33333333333333}, {""plan_id"": ""Premier"", ""plan"": ""Classic"", ""access"": ""State of Enrollment; Nationwide Access"", ""monthly_dues"": 29.99, ""initiation_fee"": 99.0, ""annual_fee"": 69.0, ""effective_monthly_cost"": 43.99}]",Observed,https://www.lafitness.com/Pages/MembershipSignUpRate.aspx?id=FrEpusSodkfecjzLjEW9%2fA%3d%3d,2026-09-01T01:55:20.031707+00:00,
248,Waterford Lakes,"815 Alafaya Trail, Orlando, FL 32828",32828,Orange County,ZIP-only match,29.99,29.99,0.0,69.0,35.74,"[29.99, 39.99]","[0.0, 99.0]",[69.0],"[{""plan_id"": ""Standard"", ""plan"": ""Basic"", ""access"": ""Club of Enrollment"", ""monthly_dues"": 29.99, ""initiation_fee"": 0.0, ""annual_fee"": 69.0, ""effective_monthly_cost"": 35.74}, {""plan_id"": ""Classic"", ""plan"": ""Classic"", ""access"": ""Nationwide Access"", ""monthly_dues"": 29.99, ""initiation_fee"": 99.0, ""annual_fee"": 69.0, ""effective_monthly_cost"": 43.99}, {""plan_id"": ""Premier"", ""plan"": ""Classic"", ""access"": ""Nationwide Access"", ""monthly_dues"": 39.99, ""initiation_fee"": 0.0, ""annual_fee"": 69.0, ""effective_monthly_cost"": 45.74}]",Observed,https://www.lafitness.com/Pages/MembershipSignUpRate.aspx?id=fbWkoaZQ%2bWsX7WnmWBDhJQ%3d%3d,2026-09-01T01:55:20.031707+00:00,
289,Colonial Drive East,"2999 E. Colonial, Orlando, FL 32803",32803,Orange County,ZIP-only match,29.99,29.99,0.0,69.0,35.74,"[29.99, 39.99]","[0.0, 99.0]",[69.0],"[{""plan_id"": ""Standard"", ""plan"": ""Basic"", ""access"": ""Club of Enrollment"", ""monthly_dues"": 29.99, ""initiation_fee"": 0.0, ""annual_fee"": 69.0, ""effective_monthly_cost"": 35.74}, {""plan_id"": ""Classic"", ""plan"": ""Classic"", ""access"": ""Nationwide Access"", ""monthly_dues"": 29.99, ""initiation_fee"": 99.0, ""annual_fee"": 69.0, ""effective_monthly_cost"": 43.99}, {""plan_id"": ""Premier"", ""plan"": ""Classic"", ""access"": ""Nationwide Access"", ""monthly_dues"": 39.99, ""initiation_fee"": 0.0, ""annual_fee"": 69.0, ""effective_monthly_cost"": 45.74}]",Observed,https://www.lafitness.com/Pages/MembershipSignUpRate.aspx?id=%2fHLv7WS6bsFGFYZ2%2fatFkg%3d%3d,2026-09-01T01:55:20.031707+00:00,
925,Orlando - Goldenrod Rd.,"5915 South Goldenrod Road, Orlando, FL 32822",32822,Orange County,ZIP-only match,29.99,29.99,0.0,69.0,35.74,"[29.99, 39.99]","[0.0, 99.0]",[69.0],"[{""plan_id"": ""Standard"", ""plan"": ""Basic"", ""access"": ""Club of Enrollment"", ""monthly_dues"": 29.99, ""initiation_fee"": 0.0, ""annual_fee"": 69.0, ""effective_monthly_cost"": 35.74}, {""plan_id"": ""Classic"", ""plan"": ""Classic"", ""access"": ""Nationwide Access"", ""monthly_dues"": 29.99, ""initiation_fee"": 99.0, ""annual_fee"": 69.0, ""effective_monthly_cost"": 43.99}, {""plan_id"": ""Premier"", ""plan"": ""Classic"", ""access"": ""Nationwide Access"", ""monthly_dues"": 39.99, ""initiation_fee"": 0.0, ""annual_fee"": 69.0, ""effective_monthly_cost"": 45.74}]",Observed,https://www.lafitness.com/Pages/MembershipSignUpRate.aspx?id=veaZyDkfl3nejzf181Bxtg%3d%3d,2026-09-01T01:55:20.031707+00:00,
1058,Orlando Metro West,"4792 S. Kirkman Road, Orlando, FL 32811",32811,Orange County,ZIP-only match,29.99,29.99,0.0,69.0,35.74,"[29.99, 79.0]","[0.0, 199.0, 99.0]",[69.0],"[{""plan_id"": ""Standard"", ""plan"": ""Basic"", ""access"": ""Club of Enrollment"", ""monthly_dues"": 29.99, ""initiation_fee"": 0.0, ""annual_fee"": 69.0, ""effective_monthly_cost"": 35.74}, {""plan_id"": ""Classic"", ""plan"": ""Classic"", ""access"": ""Multi Club; State of Enrollment"", ""monthly_dues"": 79.0, ""initiation_fee"": 199.0, ""annual_fee"": 69.0, ""effective_monthly_cost"": 101.33333333333333}, {""plan_id"": ""Premier"", ""plan"": ""Classic"", ""access"": ""State of Enrollment; Nationwide Access"", ""monthly_dues"": 29.99, ""initiation_fee"": 99.0, ""annual_fee"": 69.0, ""effective_monthly_cost"": 43.99}]",Observed,https://www.lafitness.com/Pages/MembershipSignUpRate.aspx?id=CvpaYq8EnIm2DiA2tlxh%2bw%3d%3d,2026-09-01T01:55:20.031707+00:00,
1254,Orlando - Goldenrod Rd. AT 408,"189 South Goldenrod Rd, Orlando, FL 32807",32807,Orange County,ZIP-only match,,,,,,[],[],[],[],Request failed,,2026-09-01T01:55:20.031707+00:00,SSLError: [SSL: SSLV3_ALERT_BAD_RECORD_MAC] ssl/tls alert bad record mac (_ssl.c:2713)
1381,Orlando-Orange Ave,"15 W Crystal Lake St, Orlando, FL 32806",32806,Orange County,Google location address match,29.99,29.99,0.0,69.0,35.74,"[29.99, 39.99]","[0.0, 99.0]",[69.0],"[{""plan_id"": ""Standard"", ""plan"": ""Basic"", ""access"": ""Club of Enrollment"", ""monthly_dues"": 29.99, ""initiation_fee"": 0.0, ""annual_fee"": 69.0, ""effective_monthly_cost"": 35.74}, {""plan_id"": ""Classic"", ""plan"": ""Classic"", ""access"": ""Nationwide Access"", ""monthly_dues"": 29.99, ""initiation_fee"": 99.0, ""annual_fee"": 69.0, ""effective_monthly_cost"": 43.99}, {""plan_id"": ""Premier"", ""plan"": ""Classic"", ""access"": ""Nationwide Access"", ""monthly_dues"": 39.99, ""initiation_fee"": 0.0, ""annual_fee"": 69.0, ""effective_monthly_cost"": 45.74}]",Observed,https://www.lafitness.com/Pages/MembershipSignUpRate.aspx?id=l%2fc70PoVWqF5Ls287vrs%2fA%3d%3d,2026-09-01T01:55:20.031707+00:00,
288,Oviedo,"199 Mitchell Hammock Road, Oviedo, FL 32765",32765,Seminole County,ZIP-only match,29.99,29.99,0.0,69.0,35.74,"[29.99, 39.99]","[0.0, 99.0]",[69.0],"[{""plan_id"": ""Standard"", ""plan"": ""Basic"", ""access"": ""Club of Enrollment"", ""monthly_dues"": 29.99, ""initiation_fee"": 0.0, ""annual_fee"": 69.0, ""effective_monthly_cost"": 35.74}, {""plan_id"": ""Classic"", ""plan"": ""Classic"", ""access"": ""Nationwide Access"", ""monthly_dues"": 29.99, ""initiation_fee"": 99.0, ""annual_fee"": 69.0, ""effective_monthly_cost"": 43.99}, {""plan_id"": ""Premier"", ""plan"": ""Classic"", ""access"": ""Nationwide Access"", ""monthly_dues"": 39.99, ""initiation_fee"": 0.0, ""annual_fee"": 69.0, ""effective_monthly_cost"": 45.74}]",Observed,https://www.lafitness.com/Pages/MembershipSignUpRate.aspx?id=afinihyekM8Ba01gjca24Q%3d%3d,2026-09-01T01:55:20.031707+00:00,
272,Palm Beach Gardens/Lake Park,"3176 Northlake Blvd, Palm Beach Gardens, FL 33403",33403,Palm Beach County,Google location address match,29.99,29.99,0.0,69.0,35.74,"[29.99, 79.0]","[0.0, 199.0, 99.0]",[69.0],"[{""plan_id"": ""Standard"", ""plan"": ""Basic"", ""access"": ""Club of Enrollment"", ""monthly_dues"": 29.99, ""initiation_fee"": 0.0, ""annual_fee"": 69.0, ""effective_monthly_cost"": 35.74}, {""plan_id"": ""Classic"", ""plan"": ""Classic"", ""access"": ""Multi Club; State of Enrollment"", ""monthly_dues"": 79.0, ""initiation_fee"": 199.0, ""annual_fee"": 69.0, ""effective_monthly_cost"": 101.33333333333333}, {""plan_id"": ""Premier"", ""plan"": ""Classic"", ""access"": ""State of Enrollment; Nationwide Access"", ""monthly_dues"": 29.99, ""initiation_fee"": 99.0, ""annual_fee"": 69.0, ""effective_monthly_cost"": 43.99}]",Observed,https://www.lafitness.com/Pages/MembershipSignUpRate.aspx?id=RhQLS0rXm%2fuijxqlBMLm6g%3d%3d,2026-09-01T01:55:20.031707+00:00,
1243,Palm Beach Gardens-Donald Ross (Signature),"5260 Donald Ross Rd, Palm Beach Gardens, FL 33418",33418,Palm Beach County,Google location address match,29.99,29.99,0.0,69.0,35.74,"[29.99, 39.99]","[0.0, 99.0]",[69.0],"[{""plan_id"": ""Standard"", ""plan"": ""Basic"", ""access"": ""Club of Enrollment"", ""monthly_dues"": 29.99, ""initiation_fee"": 0.0, ""annual_fee"": 69.0, ""effective_monthly_cost"": 35.74}, {""plan_id"": ""Classic"", ""plan"": ""Classic"", ""access"": ""Nationwide Access"", ""monthly_dues"": 29.99, ""initiation_fee"": 99.0, ""annual_fee"": 69.0, ""effective_monthly_cost"": 43.99}, {""plan_id"": ""Premier"", ""plan"": ""Classic"", ""access"": ""Nationwide Access"", ""monthly_dues"": 39.99, ""initiation_fee"": 0.0, ""annual_fee"": 69.0, ""effective_monthly_cost"": 45.74}]",Observed,https://www.lafitness.com/Pages/MembershipSignUpRate.aspx?id=NDr%2bssv46VirxPmKmSy5jA%3d%3d,2026-09-01T01:55:20.031707+00:00,
32,E Pembroke Pines-N University,"350 N. University Drive, Pembroke Pines, FL 33024",33024,Broward County,Google location address match,29.99,29.99,0.0,69.0,35.74,"[29.99, 39.99]","[0.0, 99.0]",[69.0],"[{""plan_id"": ""Standard"", ""plan"": ""Basic"", ""access"": ""Club of Enrollment"", ""monthly_dues"": 29.99, ""initiation_fee"": 0.0, ""annual_fee"": 69.0, ""effective_monthly_cost"": 35.74}, {""plan_id"": ""Classic"", ""plan"": ""Classic"", ""access"": ""Nationwide Access"", ""monthly_dues"": 29.99, ""initiation_fee"": 99.0, ""annual_fee"": 69.0, ""effective_monthly_cost"": 43.99}, {""plan_id"": ""Premier"", ""plan"": ""Classic"", ""access"": ""Nationwide Access"", ""monthly_dues"": 39.99, ""initiation_fee"": 0.0, ""annual_fee"": 69.0, ""effective_monthly_cost"": 45.74}]",Observed,https://www.lafitness.com/Pages/MembershipSignUpRate.aspx?id=E98lfzphRKqRSuINfzg1rQ%3d%3d,2026-09-01T01:55:20.031707+00:00,
402,Pembroke Pines - 184th,"18445 Pines Blvd., Pembroke Pines, FL 33029",18445,Broward County,Google location address match,29.99,29.99,0.0,69.0,35.74,"[29.99, 39.99]","[0.0, 99.0]",[69.0],"[{""plan_id"": ""Standard"", ""plan"": ""Basic"", ""access"": ""Club of Enrollment"", ""monthly_dues"": 29.99, ""initiation_fee"": 0.0, ""annual_fee"": 69.0, ""effective_monthly_cost"": 35.74}, {""plan_id"": ""Classic"", ""plan"": ""Classic"", ""access"": ""Nationwide Access"", ""monthly_dues"": 29.99, ""initiation_fee"": 99.0, ""annual_fee"": 69.0, ""effective_monthly_cost"": 43.99}, {""plan_id"": ""Premier"", ""plan"": ""Classic"", ""access"": ""Nationwide Access"", ""monthly_dues"": 39.99, ""initiation_fee"": 0.0, ""annual_fee"": 69.0, ""effective_monthly_cost"": 45.74}]",Observed,https://www.lafitness.com/Pages/MembershipSignUpRate.aspx?id=vm283FH5%2fpHokJqNZ369hg%3d%3d,2026-09-01T01:55:20.031707+00:00,
972,Plantation - S. University Dr.,"1041 South University Dr, Plantation, FL 33324",33324,Broward County,ZIP-only match,29.99,29.99,0.0,69.0,35.74,"[29.99, 39.99]","[0.0, 99.0]",[69.0],"[{""plan_id"": ""Standard"", ""plan"": ""Basic"", ""access"": ""Club of Enrollment"", ""monthly_dues"": 29.99, ""initiation_fee"": 0.0, ""annual_fee"": 69.0, ""effective_monthly_cost"": 35.74}, {""plan_id"": ""Classic"", ""plan"": ""Classic"", ""access"": ""Nationwide Access"", ""monthly_dues"": 29.99, ""initiation_fee"": 99.0, ""annual_fee"": 69.0, ""effective_monthly_cost"": 43.99}, {""plan_id"": ""Premier"", ""plan"": ""Classic"", ""access"": ""Nationwide Access"", ""monthly_dues"": 39.99, ""initiation_fee"": 0.0, ""annual_fee"": 69.0, ""effective_monthly_cost"": 45.74}]",Observed,https://www.lafitness.com/Pages/MembershipSignUpRate.aspx?id=BkFZnRYBqL8KqMdLZxUmJA%3d%3d,2026-09-01T01:55:20.031707+00:00,
1167,Pompano Beach,"1000 North Federal Highway, Pompano Beach, FL 33062",33062,Broward County,ZIP-only match,29.99,29.99,0.0,69.0,35.74,"[29.99, 39.99]","[0.0, 99.0]",[69.0],"[{""plan_id"": ""Standard"", ""plan"": ""Basic"", ""access"": ""Club of Enrollment"", ""monthly_dues"": 29.99, ""initiation_fee"": 0.0, ""annual_fee"": 69.0, ""effective_monthly_cost"": 35.74}, {""plan_id"": ""Classic"", ""plan"": ""Classic"", ""access"": ""Nationwide Access"", ""monthly_dues"": 29.99, ""initiation_fee"": 99.0, ""annual_fee"": 69.0, ""effective_monthly_cost"": 43.99}, {""plan_id"": ""Premier"", ""plan"": ""Classic"", ""access"": ""Nationwide Access"", ""monthly_dues"": 39.99, ""initiation_fee"": 0.0, ""annual_fee"": 69.0, ""effective_monthly_cost"": 45.74}]",Observed,https://www.lafitness.com/Pages/MembershipSignUpRate.aspx?id=I9S1z5pDGNOcO1UN2PAg7g%3d%3d,2026-09-01T01:55:20.031707+00:00,
1067,Port Orange,"1810 Dunlawton Ave, Port Orange, FL 32127",32127,Volusia County,Google location address match,29.99,29.99,0.0,69.0,35.74,"[29.99, 79.0]","[0.0, 199.0, 99.0]",[69.0],"[{""plan_id"": ""Standard"", ""plan"": ""Basic"", ""access"": ""Club of Enrollment"", ""monthly_dues"": 29.99, ""initiation_fee"": 0.0, ""annual_fee"": 69.0, ""effective_monthly_cost"": 35.74}, {""plan_id"": ""Classic"", ""plan"": ""Classic"", ""access"": ""Multi Club; State of Enrollment"", ""monthly_dues"": 79.0, ""initiation_fee"": 199.0, ""annual_fee"": 69.0, ""effective_monthly_cost"": 101.33333333333333}, {""plan_id"": ""Premier"", ""plan"": ""Classic"", ""access"": ""State of Enrollment; Nationwide Access"", ""monthly_dues"": 29.99, ""initiation_fee"": 99.0, ""annual_fee"": 69.0, ""effective_monthly_cost"": 43.99}]",Observed,https://www.lafitness.com/Pages/MembershipSignUpRate.aspx?id=VV7OEFCgEeYRc6PsfeUZ7w%3d%3d,2026-09-01T01:55:20.031707+00:00,
1073,Port St Lucie - St Lucie W Blvd,"1367 NW St Lucie West Blvd, Port St Lucie, FL 34986",34986,St. Lucie County,ZIP-only match,29.99,29.99,0.0,69.0,35.74,"[29.99, 39.99]","[0.0, 99.0]",[69.0],"[{""plan_id"": ""Standard"", ""plan"": ""Basic"", ""access"": ""Club of Enrollment"", ""monthly_dues"": 29.99, ""initiation_fee"": 0.0, ""annual_fee"": 69.0, ""effective_monthly_cost"": 35.74}, {""plan_id"": ""Classic"", ""plan"": ""Classic"", ""access"": ""Nationwide Access"", ""monthly_dues"": 29.99, ""initiation_fee"": 99.0, ""annual_fee"": 69.0, ""effective_monthly_cost"": 43.99}, {""plan_id"": ""Premier"", ""plan"": ""Classic"", ""access"": ""Nationwide Access"", ""monthly_dues"": 39.99, ""initiation_fee"": 0.0, ""annual_fee"": 69.0, ""effective_monthly_cost"": 45.74}]",Observed,https://www.lafitness.com/Pages/MembershipSignUpRate.aspx?id=yiqdsQwzXupGvELBDY%2bEug%3d%3d,2026-09-01T01:55:20.031707+00:00,
1246,Sanford,"300 W Lake Mary Blvd, Sanford, FL 32773",32773,Seminole County,Google location address match,29.99,29.99,0.0,69.0,35.74,"[29.99, 39.99]","[0.0, 99.0]",[69.0],"[{""plan_id"": ""Standard"", ""plan"": ""Basic"", ""access"": ""Club of Enrollment"", ""monthly_dues"": 29.99, ""initiation_fee"": 0.0, ""annual_fee"": 69.0, ""effective_monthly_cost"": 35.74}, {""plan_id"": ""Classic"", ""plan"": ""Classic"", ""access"": ""Nationwide Access"", ""monthly_dues"": 29.99, ""initiation_fee"": 99.0, ""annual_fee"": 69.0, ""effective_monthly_cost"": 43.99}, {""plan_id"": ""Premier"", ""plan"": ""Classic"", ""access"": ""Nationwide Access"", ""monthly_dues"": 39.99, ""initiation_fee"": 0.0, ""annual_fee"": 69.0, ""effective_monthly_cost"": 45.74}]",Observed,https://www.lafitness.com/Pages/MembershipSignUpRate.aspx?id=RlgcoOFuihofmA%2bBfn4dCw%3d%3d,2026-09-01T01:55:20.031707+00:00,
652,Sarasota Bee Ridge @ I-75,"4057 Cattlemen Road, Sarasota, FL 34233",34233,Sarasota County,ZIP-only match,29.99,29.99,99.0,69.0,43.99,"[29.99, 39.99, 0.0]","[99.0, 0.0]","[69.0, 0.0]","[{""plan_id"": ""Standard"", ""plan"": ""Basic"", ""access"": ""Nationwide Access"", ""monthly_dues"": 29.99, ""initiation_fee"": 99.0, ""annual_fee"": 69.0, ""effective_monthly_cost"": 43.99}, {""plan_id"": ""Classic"", ""plan"": ""Classic"", ""access"": ""Nationwide Access"", ""monthly_dues"": 39.99, ""initiation_fee"": 0.0, ""annual_fee"": 69.0, ""effective_monthly_cost"": 45.74}, {""plan_id"": ""Premier"", ""plan"": ""Classic"", ""access"": """", ""monthly_dues"": 0.0, ""initiation_fee"": 0.0, ""annual_fee"": 0.0, ""effective_monthly_cost"": 0.0}]",Observed,https://www.lafitness.com/Pages/MembershipSignUpRate.aspx?id=FjcTF45jfvwEpPdgvc0TjA%3d%3d,2026-09-01T01:55:20.031707+00:00,
1193,Seminole - Park Blvd,"7635 113th Street, Seminole, FL 33772",33772,Pinellas County,ZIP-only match,29.99,29.99,99.0,69.0,43.99,"[29.99, 39.99, 0.0]","[99.0, 0.0]","[69.0, 0.0]","[{""plan_id"": ""Standard"", ""plan"": ""Basic"", ""access"": ""Nationwide Access"", ""monthly_dues"": 29.99, ""initiation_fee"": 99.0, ""annual_fee"": 69.0, ""effective_monthly_cost"": 43.99}, {""plan_id"": ""Classic"", ""plan"": ""Classic"", ""access"": ""Nationwide Access"", ""monthly_dues"": 39.99, ""initiation_fee"": 0.0, ""annual_fee"": 69.0, ""effective_monthly_cost"": 45.74}, {""plan_id"": ""Premier"", ""plan"": ""Classic"", ""access"": """", ""monthly_dues"": 0.0, ""initiation_fee"": 0.0, ""annual_fee"": 0.0, ""effective_monthly_cost"": 0.0}]",Observed,https://www.lafitness.com/Pages/MembershipSignUpRate.aspx?id=KmisRYADrph9O7j54O3CeA%3d%3d,2026-09-01T01:55:20.031707+00:00,
952,St. Petersburg @ 4th St. North,"5900 4th St. N., St. Petersburg, FL 33703",33703,Pinellas County,Google location address match,29.99,29.99,99.0,69.0,43.99,"[29.99, 39.99, 0.0]","[99.0, 0.0]","[69.0, 0.0]","[{""plan_id"": ""Standard"", ""plan"": ""Basic"", ""access"": ""Nationwide Access"", ""monthly_dues"": 29.99, ""initiation_fee"": 99.0, ""annual_fee"": 69.0, ""effective_monthly_cost"": 43.99}, {""plan_id"": ""Classic"", ""plan"": ""Classic"", ""access"": ""Nationwide Access"", ""monthly_dues"": 39.99, ""initiation_fee"": 0.0, ""annual_fee"": 69.0, ""effective_monthly_cost"": 45.74}, {""plan_id"": ""Premier"", ""plan"": ""Classic"", ""access"": """", ""monthly_dues"": 0.0, ""initiation_fee"": 0.0, ""annual_fee"": 0.0, ""effective_monthly_cost"": 0.0}]",Observed,https://www.lafitness.com/Pages/MembershipSignUpRate.aspx?id=lw7MZvGFOJ5Enk94%2fW5UGA%3d%3d,2026-09-01T01:55:20.031707+00:00,
621,St. Petersburg @ 22nd Ave North,"7044 22nd Avenue North, St. Petersburg, FL 33710",33710,Pinellas County,ZIP-only match,29.99,79.0,199.0,69.0,101.33333333333333,"[79.0, 29.99, 0.0]","[199.0, 99.0, 0.0]","[69.0, 0.0]","[{""plan_id"": ""Standard"", ""plan"": ""Basic"", ""access"": ""Multi Club; State of Enrollment"", ""monthly_dues"": 79.0, ""initiation_fee"": 199.0, ""annual_fee"": 69.0, ""effective_monthly_cost"": 101.33333333333333}, {""plan_id"": ""Classic"", ""plan"": ""Classic"", ""access"": ""Nationwide Access"", ""monthly_dues"": 29.99, ""initiation_fee"": 99.0, ""annual_fee"": 69.0, ""effective_monthly_cost"": 43.99}, {""plan_id"": ""Premier"", ""plan"": ""Classic"", ""access"": ""State of Enrollment"", ""monthly_dues"": 0.0, ""initiation_fee"": 0.0, ""annual_fee"": 0.0, ""effective_monthly_cost"": 0.0}]",Observed,https://www.lafitness.com/Pages/MembershipSignUpRate.aspx?id=RxSFQMjXbNiimKnEjEYdjg%3d%3d,2026-09-01T01:55:20.031707+00:00,
240,Sawgrass,"13999 West Sunrise Blvd, Sunrise, FL 33323",13999,Broward County,ZIP-only match,29.99,29.99,0.0,69.0,35.74,"[29.99, 39.99]","[0.0, 99.0]",[69.0],"[{""plan_id"": ""Standard"", ""plan"": ""Basic"", ""access"": ""Club of Enrollment"", ""monthly_dues"": 29.99, ""initiation_fee"": 0.0, ""annual_fee"": 69.0, ""effective_monthly_cost"": 35.74}, {""plan_id"": ""Classic"", ""plan"": ""Classic"", ""access"": ""Nationwide Access"", ""monthly_dues"": 29.99, ""initiation_fee"": 99.0, ""annual_fee"": 69.0, ""effective_monthly_cost"": 43.99}, {""plan_id"": ""Premier"", ""plan"": ""Classic"", ""access"": ""Nationwide Access"", ""monthly_dues"": 39.99, ""initiation_fee"": 0.0, ""annual_fee"": 69.0, ""effective_monthly_cost"": 45.74}]",Observed,https://www.lafitness.com/Pages/MembershipSignUpRate.aspx?id=vA%2fdrM9SAq8C30dGmLLXwA%3d%3d,2026-09-01T01:55:20.031707+00:00,
550,New Tampa,"6411 County Line Rd East, Tampa, FL 33647",33647,Hillsborough County,city/address override,29.99,29.99,99.0,69.0,43.99,"[29.99, 39.99, 0.0]","[99.0, 0.0]","[69.0, 0.0]","[{""plan_id"": ""Standard"", ""plan"": ""Basic"", ""access"": ""Nationwide Access"", ""monthly_dues"": 29.99, ""initiation_fee"": 99.0, ""annual_fee"": 69.0, ""effective_monthly_cost"": 43.99}, {""plan_id"": ""Classic"", ""plan"": ""Classic"", ""access"": ""Nationwide Access"", ""monthly_dues"": 39.99, ""initiation_fee"": 0.0, ""annual_fee"": 69.0, ""effective_monthly_cost"": 45.74}, {""plan_id"": ""Premier"", ""plan"": ""Classic"", ""access"": """", ""monthly_dues"": 0.0, ""initiation_fee"": 0.0, ""annual_fee"": 0.0, ""effective_monthly_cost"": 0.0}]",Observed,https://www.lafitness.com/Pages/MembershipSignUpRate.aspx?id=i%2fa3o3dVuSNGJduX0PlanQ%3d%3d,2026-09-01T01:55:20.031707+00:00,
919,Tampa-S Dale Mabry Hwy (Signature),"301 S Dale Mabry Hwy, Tampa, FL 33609",33609,Hillsborough County,Google location address match,29.99,29.99,99.0,69.0,43.99,"[29.99, 39.99, 0.0]","[99.0, 0.0]","[69.0, 0.0]","[{""plan_id"": ""Standard"", ""plan"": ""Basic"", ""access"": ""Nationwide Access"", ""monthly_dues"": 29.99, ""initiation_fee"": 99.0, ""annual_fee"": 69.0, ""effective_monthly_cost"": 43.99}, {""plan_id"": ""Classic"", ""plan"": ""Classic"", ""access"": ""Nationwide Access"", ""monthly_dues"": 39.99, ""initiation_fee"": 0.0, ""annual_fee"": 69.0, ""effective_monthly_cost"": 45.74}, {""plan_id"": ""Premier"", ""plan"": ""Classic"", ""access"": """", ""monthly_dues"": 0.0, ""initiation_fee"": 0.0, ""annual_fee"": 0.0, ""effective_monthly_cost"": 0.0}]",Observed,https://www.lafitness.com/Pages/MembershipSignUpRate.aspx?id=jzEFfnrSUa7Qxf5M%2fmw1bA%3d%3d,2026-09-01T01:55:20.031707+00:00,
941,Tampa - Gunn Hwy.,"5735 Gunn Highway, Tampa, FL 33625",33625,Hillsborough County,ZIP-only match,29.99,79.0,199.0,69.0,101.33333333333333,"[79.0, 29.99, 0.0]","[199.0, 99.0, 0.0]","[69.0, 0.0]","[{""plan_id"": ""Standard"", ""plan"": ""Basic"", ""access"": ""Multi Club; State of Enrollment"", ""monthly_dues"": 79.0, ""initiation_fee"": 199.0, ""annual_fee"": 69.0, ""effective_monthly_cost"": 101.33333333333333}, {""plan_id"": ""Classic"", ""plan"": ""Classic"", ""access"": ""Nationwide Access"", ""monthly_dues"": 29.99, ""initiation_fee"": 99.0, ""annual_fee"": 69.0, ""effective_monthly_cost"": 43.99}, {""plan_id"": ""Premier"", ""plan"": ""Classic"", ""access"": ""State of Enrollment"", ""monthly_dues"": 0.0, ""initiation_fee"": 0.0, ""annual_fee"": 0.0, ""effective_monthly_cost"": 0.0}]",Observed,https://www.lafitness.com/Pages/MembershipSignUpRate.aspx?id=QqsNm4%2fdDGdvPUBeHR5y0g%3d%3d,2026-09-01T01:55:20.031707+00:00,
962,Tampa @ West Hillsborough Ave,"11252 West Hillsborough Ave., Tampa, FL 33635",11252,Hillsborough County,ZIP-only match,29.99,79.0,199.0,69.0,101.33333333333333,"[79.0, 29.99, 39.99]","[199.0, 99.0, 0.0]",[69.0],"[{""plan_id"": ""Standard"", ""plan"": ""Basic"", ""access"": ""Multi Club; State of Enrollment"", ""monthly_dues"": 79.0, ""initiation_fee"": 199.0, ""annual_fee"": 69.0, ""effective_monthly_cost"": 101.33333333333333}, {""plan_id"": ""Classic"", ""plan"": ""Classic"", ""access"": ""Nationwide Access"", ""monthly_dues"": 29.99, ""initiation_fee"": 99.0, ""annual_fee"": 69.0, ""effective_monthly_cost"": 43.99}, {""plan_id"": ""Premier"", ""plan"": ""Classic"", ""access"": ""State of Enrollment; Nationwide Access"", ""monthly_dues"": 39.99, ""initiation_fee"": 0.0, ""annual_fee"": 69.0, ""effective_monthly_cost"": 45.74}]",Observed,https://www.lafitness.com/Pages/MembershipSignUpRate.aspx?id=utu21akakYFBQdE5N0BlwQ%3d%3d,2026-09-01T01:55:20.031707+00:00,
1161,Tampa - Cypress Preserve Dr,"5225 Cypress Preserve Drive, Tampa, FL 33647",33647,Hillsborough County,Google location address match,29.99,29.99,99.0,69.0,43.99,"[29.99, 39.99, 0.0]","[99.0, 0.0]","[69.0, 0.0]","[{""plan_id"": ""Standard"", ""plan"": ""Basic"", ""access"": ""Nationwide Access"", ""monthly_dues"": 29.99, ""initiation_fee"": 99.0, ""annual_fee"": 69.0, ""effective_monthly_cost"": 43.99}, {""plan_id"": ""Classic"", ""plan"": ""Classic"", ""access"": ""Nationwide Access"", ""monthly_dues"": 39.99, ""initiation_fee"": 0.0, ""annual_fee"": 69.0, ""effective_monthly_cost"": 45.74}, {""plan_id"": ""Premier"", ""plan"": ""Classic"", ""access"": """", ""monthly_dues"": 0.0, ""initiation_fee"": 0.0, ""annual_fee"": 0.0, ""effective_monthly_cost"": 0.0}]",Observed,https://www.lafitness.com/Pages/MembershipSignUpRate.aspx?id=U1NY4bk99PZEj0EVOp%2bjHQ%3d%3d,2026-09-01T01:55:20.031707+00:00,
907,University Park - Cooper Creek,"8502 Cooper Creek Blvd, University Park, FL 34201",34201,Manatee County,Google location address match,29.99,29.99,99.0,69.0,43.99,"[29.99, 39.99, 0.0]","[99.0, 0.0]","[69.0, 0.0]","[{""plan_id"": ""Standard"", ""plan"": ""Basic"", ""access"": ""Nationwide Access"", ""monthly_dues"": 29.99, ""initiation_fee"": 99.0, ""annual_fee"": 69.0, ""effective_monthly_cost"": 43.99}, {""plan_id"": ""Classic"", ""plan"": ""Classic"", ""access"": ""Nationwide Access"", ""monthly_dues"": 39.99, ""initiation_fee"": 0.0, ""annual_fee"": 69.0, ""effective_monthly_cost"": 45.74}, {""plan_id"": ""Premier"", ""plan"": ""Classic"", ""access"": """", ""monthly_dues"": 0.0, ""initiation_fee"": 0.0, ""annual_fee"": 0.0, ""effective_monthly_cost"": 0.0}]",Observed,https://www.lafitness.com/Pages/MembershipSignUpRate.aspx?id=qd4%2fMwl%2f8eB4gju04U3Srw%3d%3d,2026-09-01T01:55:20.031707+00:00,
634,Valrico @ State Road 60 E,"1930 State Road 60 E, Valrico, FL 33594",33594,Hillsborough County,city/address override,29.99,29.99,99.0,69.0,43.99,"[29.99, 39.99, 0.0]","[99.0, 0.0]","[69.0, 0.0]","[{""plan_id"": ""Standard"", ""plan"": ""Basic"", ""access"": ""Nationwide Access"", ""monthly_dues"": 29.99, ""initiation_fee"": 99.0, ""annual_fee"": 69.0, ""effective_monthly_cost"": 43.99}, {""plan_id"": ""Classic"", ""plan"": ""Classic"", ""access"": ""Nationwide Access"", ""monthly_dues"": 39.99, ""initiation_fee"": 0.0, ""annual_fee"": 69.0, ""effective_monthly_cost"": 45.74}, {""plan_id"": ""Premier"", ""plan"": ""Classic"", ""access"": """", ""monthly_dues"": 0.0, ""initiation_fee"": 0.0, ""annual_fee"": 0.0, ""effective_monthly_cost"": 0.0}]",Observed,https://www.lafitness.com/Pages/MembershipSignUpRate.aspx?id=wjH89WGytWee5Q%2bQOJZN7A%3d%3d,2026-09-01T01:55:20.031707+00:00,
54,Pembroke Pines West/Flamingo,"1900 N. Flamingo Road, W. Pembroke, FL 33028",33028,Broward County,ZIP-only match,29.99,29.99,0.0,69.0,35.74,"[29.99, 39.99]","[0.0, 99.0]",[69.0],"[{""plan_id"": ""Standard"", ""plan"": ""Basic"", ""access"": ""Club of Enrollment"", ""monthly_dues"": 29.99, ""initiation_fee"": 0.0, ""annual_fee"": 69.0, ""effective_monthly_cost"": 35.74}, {""plan_id"": ""Classic"", ""plan"": ""Classic"", ""access"": ""Nationwide Access"", ""monthly_dues"": 29.99, ""initiation_fee"": 99.0, ""annual_fee"": 69.0, ""effective_monthly_cost"": 43.99}, {""plan_id"": ""Premier"", ""plan"": ""Classic"", ""access"": ""Nationwide Access"", ""monthly_dues"": 39.99, ""initiation_fee"": 0.0, ""annual_fee"": 69.0, ""effective_monthly_cost"": 45.74}]",Observed,https://www.lafitness.com/Pages/MembershipSignUpRate.aspx?id=OugTU%2bS7ChMZ2jpRCMjpzA%3d%3d,2026-09-01T01:55:20.031707+00:00,
196,Wellington,"10180 Forest Hill Blvd., Wellington, FL 33414",10180,Palm Beach County,Google location address match,,,,,,[],[],[],[],No rate found,https://www.lafitness.com/Pages/MembershipSignUpRate.aspx?id=CiI364LYZ%2bJvR2K2z%2fRGfQ%3d%3d,2026-09-01T01:55:20.031707+00:00,
1111,Melbourne - Hollywood Blvd,"4454 Hollywood Blvd, West Melbourne, FL 32904",32904,Brevard County,Google location address match,29.99,29.99,0.0,69.0,35.74,"[29.99, 79.0]","[0.0, 199.0, 99.0]",[69.0],"[{""plan_id"": ""Standard"", ""plan"": ""Basic"", ""access"": ""Club of Enrollment"", ""monthly_dues"": 29.99, ""initiation_fee"": 0.0, ""annual_fee"": 69.0, ""effective_monthly_cost"": 35.74}, {""plan_id"": ""Classic"", ""plan"": ""Classic"", ""access"": ""Multi Club; State of Enrollment"", ""monthly_dues"": 79.0, ""initiation_fee"": 199.0, ""annual_fee"": 69.0, ""effective_monthly_cost"": 101.33333333333333}, {""plan_id"": ""Premier"", ""plan"": ""Classic"", ""access"": ""State of Enrollment; Nationwide Access"", ""monthly_dues"": 29.99, ""initiation_fee"": 99.0, ""annual_fee"": 69.0, ""effective_monthly_cost"": 43.99}]",Observed,https://www.lafitness.com/Pages/MembershipSignUpRate.aspx?id=sT2UQkzjhd0xl463mW3gAw%3d%3d,2026-09-01T01:55:20.031707+00:00,
192,W Palm Beach / N Military Trail,"1925 N. Military Trail, West Palm Beach, FL 33409",33409,Palm Beach County,ZIP-only match,29.99,29.99,0.0,69.0,35.74,"[29.99, 39.99]","[0.0, 99.0]",[69.0],"[{""plan_id"": ""Standard"", ""plan"": ""Basic"", ""access"": ""Club of Enrollment"", ""monthly_dues"": 29.99, ""initiation_fee"": 0.0, ""annual_fee"": 69.0, ""effective_monthly_cost"": 35.74}, {""plan_id"": ""Classic"", ""plan"": ""Classic"", ""access"": ""Nationwide Access"", ""monthly_dues"": 29.99, ""initiation_fee"": 99.0, ""annual_fee"": 69.0, ""effective_monthly_cost"": 43.99}, {""plan_id"": ""Premier"", ""plan"": ""Classic"", ""access"": ""Nationwide Access"", ""monthly_dues"": 39.99, ""initiation_fee"": 0.0, ""annual_fee"": 69.0, ""effective_monthly_cost"": 45.74}]",Observed,https://www.lafitness.com/Pages/MembershipSignUpRate.aspx?id=RtWv%2b0fiQjqiiA9jEQ5wdw%3d%3d,2026-09-01T01:55:20.031707+00:00,
696,Windermere (Signature),"4768 The Grove Drive, Windermere, FL 34786",34786,Orange County,Google location address match,29.99,29.99,0.0,69.0,35.74,"[29.99, 79.0]","[0.0, 199.0, 99.0]",[69.0],"[{""plan_id"": ""Standard"", ""plan"": ""Basic"", ""access"": ""Club of Enrollment"", ""monthly_dues"": 29.99, ""initiation_fee"": 0.0, ""annual_fee"": 69.0, ""effective_monthly_cost"": 35.74}, {""plan_id"": ""Classic"", ""plan"": ""Classic"", ""access"": ""Multi Club; State of Enrollment"", ""monthly_dues"": 79.0, ""initiation_fee"": 199.0, ""annual_fee"": 69.0, ""effective_monthly_cost"": 101.33333333333333}, {""plan_id"": ""Premier"", ""plan"": ""Classic"", ""access"": ""State of Enrollment; Nationwide Access"", ""monthly_dues"": 29.99, ""initiation_fee"": 99.0, ""annual_fee"": 69.0, ""effective_monthly_cost"": 43.99}]",Observed,https://www.lafitness.com/Pages/MembershipSignUpRate.aspx?id=QK3x%2fT2%2fKVQvmmqB9RawFw%3d%3d,2026-09-01T01:55:20.031707+00:00,
963,Winter Garden,"3029 Daniels Rd., Winter Garden, FL 34787",34787,Orange County,Google location address match,29.99,29.99,0.0,69.0,35.74,"[29.99, 39.99]","[0.0, 99.0]",[69.0],"[{""plan_id"": ""Standard"", ""plan"": ""Basic"", ""access"": ""Club of Enrollment"", ""monthly_dues"": 29.99, ""initiation_fee"": 0.0, ""annual_fee"": 69.0, ""effective_monthly_cost"": 35.74}, {""plan_id"": ""Classic"", ""plan"": ""Classic"", ""access"": ""Nationwide Access"", ""monthly_dues"": 29.99, ""initiation_fee"": 99.0, ""annual_fee"": 69.0, ""effective_monthly_cost"": 43.99}, {""plan_id"": ""Premier"", ""plan"": ""Classic"", ""access"": ""Nationwide Access"", ""monthly_dues"": 39.99, ""initiation_fee"": 0.0, ""annual_fee"": 69.0, ""effective_monthly_cost"": 45.74}]",Observed,https://www.lafitness.com/Pages/MembershipSignUpRate.aspx?id=4oL4dZzD31aQQ14ikiK9OA%3d%3d,2026-09-01T01:55:20.031707+00:00,
965,Winter Park @ Orlando / Webster,"501 North Orlando Ave., Unit #219, Winter Park, FL 32789",32789,Orange County,ZIP-only match,29.99,29.99,0.0,69.0,35.74,"[29.99, 79.0]","[0.0, 199.0, 99.0]",[69.0],"[{""plan_id"": ""Standard"", ""plan"": ""Basic"", ""access"": ""Club of Enrollment"", ""monthly_dues"": 29.99, ""initiation_fee"": 0.0, ""annual_fee"": 69.0, ""effective_monthly_cost"": 35.74}, {""plan_id"": ""Classic"", ""plan"": ""Classic"", ""access"": ""Multi Club; State of Enrollment"", ""monthly_dues"": 79.0, ""initiation_fee"": 199.0, ""annual_fee"": 69.0, ""effective_monthly_cost"": 101.33333333333333}, {""plan_id"": ""Premier"", ""plan"": ""Classic"", ""access"": ""State of Enrollment; Nationwide Access"", ""monthly_dues"": 29.99, ""initiation_fee"": 99.0, ""annual_fee"": 69.0, ""effective_monthly_cost"": 43.99}]",Observed,https://www.lafitness.com/Pages/MembershipSignUpRate.aspx?id=Q9M1GbJ4ZywxDxj4yf1F6Q%3d%3d,2026-09-01T01:55:20.031707+00:00,
